Part Number,2021-09-13 18:30:00,2021-09-14 06:05:00,2021-09-14 06:25:00,2021-09-14 06:34:00,2021-09-14 17:30:00,2021-09-15 06:20:00,2021-09-15 06:37:00,2021-09-15 16:33:00,2021-09-16 06:32:00,2021-09-16 06:38:00,2021-09-16 15:06:00,2021-09-16 17:06:00,2021-09-17 05:59:00,2021-09-17 06:23:00,2021-09-17 06:32:00,2021-09-18 07:13:00,2021-09-19 06:30:00,2021-09-20 06:01:00,2021-09-20 06:29:00,2021-09-21 06:03:00,2021-09-21 06:31:00,2021-09-22 05:58:00,2021-09-22 06:33:00,2021-09-23 06:00:00,2021-09-23 06:35:00,2021-09-24 06:05:00,2021-09-24 06:33:00,2021-09-25 07:06:00,2021-09-25 15:38:00,2021-09-26 06:02:00,2021-09-26 06:28:00,2021-09-27 05:54:00,2021-09-27 06:30:00,2021-09-27 08:37:00,2021-09-27 09:55:00,2021-09-27 11:55:00,2021-09-27 12:58:00,2021-09-28 06:31:00,2021-09-28 06:37:00,2021-09-28 10:00:00,2021-09-28 12:00:00,2021-09-28 16:57:00,2021-09-28 18:00:00,2021-09-29 06:29:00,2021-09-29 06:42:00,2021-09-29 11:58:00,2021-09-30 06:31:00,2021-09-30 06:33:00,2021-09-30 11:33:00,2021-09-30 12:30:00,2021-09-30 13:33:00,2021-09-30 15:34:00,2021-09-30 16:30:00,2021-09-30 17:34:00,2021-10-01 06:31:00,2021-10-01 06:35:00,2021-10-01 07:08:00,2021-10-02 07:05:00,2021-10-02 08:35:00,2021-10-03 07:03:00,2021-10-04 05:54:00,2021-10-04 06:26:00,2021-10-04 06:30:00,2021-10-04 11:27:00,2021-10-04 16:30:00,2021-10-05 06:32:00,2021-10-05 06:39:00,2021-10-05 07:01:00,2021-10-05 10:29:00,2021-10-06 06:00:00,2021-10-06 06:29:00,2021-10-06 06:33:00,2021-10-06 12:26:00,2021-10-06 18:34:00,2021-10-07 06:31:00,2021-10-07 08:08:00,2021-10-07 15:31:00,2021-10-07 17:32:00,2021-10-08 06:04:00,2021-10-08 06:35:00,2021-10-08 06:37:00,2021-10-08 12:08:00,2021-10-08 15:05:00,2021-10-09 07:05:00,2021-10-10 05:58:00,2021-10-10 06:29:00,2021-10-11 06:00:00,2021-10-11 06:28:00,2021-10-12 06:30:00,2021-10-12 06:36:00,2021-10-12 11:34:00,2021-10-13 06:34:00,2021-10-13 06:44:00,2021-10-13 07:14:00,2021-10-13 12:38:00,2021-10-14 06:32:00,2021-10-14 06:33:00,2021-10-14 16:30:00,2021-10-15 06:30:00,2021-10-15 06:38:00,2021-10-15 06:59:00,2021-10-15 15:34:00,2021-10-16 07:06:00,2021-10-16 07:42:00,2021-10-17 06:36:00,2021-10-18 06:01:00,2021-10-18 06:27:00,2021-10-18 06:37:00,2021-10-18 16:38:00,2021-10-19 06:36:00,2021-10-19 06:49:00,2021-10-19 11:57:00,2021-10-19 15:57:00,2021-10-20 06:00:00,2021-10-20 06:32:00,2021-10-20 06:36:00,2021-10-20 12:01:00,2021-10-20 16:01:00,2021-10-21 06:29:00,2021-10-21 06:42:00,2021-10-21 09:57:00,2021-10-21 11:01:00,2021-10-21 11:58:00,2021-10-21 15:01:00,2021-10-22 06:48:00,2021-10-22 07:02:00,2021-10-22 11:06:00,2021-10-22 12:31:00,2021-10-22 14:31:00,2021-10-22 16:03:00,2021-10-23 07:08:00,2021-10-24 06:33:00,2021-10-25 06:19:00,2021-10-25 06:32:00,2021-10-25 14:33:00,2021-10-25 17:29:00,2021-10-26 06:31:00,2021-10-26 06:33:00,2021-10-27 06:29:00,2021-10-27 06:39:00,2021-10-28 06:30:00,2021-10-28 06:31:00,2021-10-28 12:26:00,2021-10-28 15:30:00,2021-10-28 16:26:00,2021-10-29 06:30:00,2021-10-29 06:32:00,2021-10-29 07:06:00,2021-10-29 12:34:00,2021-10-29 15:03:00,2021-10-29 15:38:00,2021-10-30 07:04:00,2021-11-01 07:03:00
Part 0,0,0,0.0,0.0,0.0,0.0,0.0,0.0,0.0,0.0,0.0,0.0,0.0,0.0,0.0,0.0,0.0,0.0,0.0,0.0,0.0,0.0,0.0,0.0,0.0,0.0,0.0,0.0,0.0,0.0,0.0,0.0,0.0,0.0,0.0,0.0,0.0,0.0,0.0,0.0,0.0,0.0,0.0,0.0,0,0,0.0,0.0,0.0,0.0,0.0,0.0,0.0,0.0,0.0,0,0,0,0,0,0,0,0,0,0,0,0.0,0.0,0.0,0.0,0.0,7.0,7.0,7.0,7.0,5.0,5.0,5.0,5.0,1,1,1,1,1,1,1,1,1,1,3.0,3.0,3.0,1.0,1.0,1.0,1.0,0,0,0,0.0,0.0,0.0,0.0,0.0,0.0,0.0,0.0,0.0,0.0,0.0,0,0,0,0,0,0.0,0.0,0.0,0.0,0.0,0.0,0.0,0.0,0.0,0,0,0,0,0,0,0,0,0.0,0.0,0.0,0.0,0.0,0.0,0,0,0,0.0,0.0,0.0,0.0,0.0,0,0,0,0,0,0,0.0
Part 1,0,0,0.0,0.0,0.0,0.0,0.0,0.0,0.0,0.0,0.0,0.0,0.0,0.0,0.0,0.0,0.0,0.0,0.0,0.0,0.0,0.0,0.0,0.0,0.0,0.0,0.0,0.0,0.0,0.0,0.0,0.0,0.0,0.0,0.0,0.0,0.0,0.0,0.0,0.0,0.0,0.0,0.0,0.0,0,0,0.0,0.0,0.0,0.0,0.0,0.0,0.0,0.0,0.0,0,0,0,0,0,0,2,2,2,2,2,0.0,0.0,0.0,0.0,0.0,5.0,5.0,5.0,5.0,4.0,4.0,4.0,4.0,9,9,9,9,9,9,9,9,9,9,13.0,13.0,13.0,3.0,3.0,3.0,3.0,0,0,0,0.0,0.0,0.0,0.0,0.0,0.0,0.0,0.0,0.0,0.0,0.0,0,0,0,0,0,0.0,0.0,0.0,0.0,0.0,0.0,0.0,0.0,0.0,0,0,0,0,0,0,0,0,0.0,0.0,0.0,0.0,0.0,0.0,0,0,0,0.0,0.0,0.0,0.0,0.0,0,0,0,0,0,0,0.0
Part 10,16,16,16.0,16.0,16.0,16.0,16.0,16.0,23.0,23.0,23.0,23.0,23.0,158.0,158.0,158.0,158.0,158.0,158.0,158.0,158.0,158.0,158.0,158.0,158.0,158.0,158.0,158.0,158.0,158.0,158.0,158.0,158.0,70.0,70.0,70.0,70.0,70.0,20.0,20.0,20.0,20.0,20.0,20.0,29,29,76.0,76.0,76.0,76.0,76.0,76.0,76.0,76.0,76.0,95,95,95,0,0,0,61,61,61,61,61,112.0,112.0,112.0,112.0,112.0,151.0,151.0,151.0,151.0,118.0,118.0,118.0,118.0,73,73,73,73,73,73,73,73,73,73,145.0,145.0,145.0,118.0,118.0,118.0,118.0,108,108,108,114.0,114.0,114.0,114.0,161.0,161.0,161.0,169.0,169.0,169.0,169.0,180,180,180,180,180,195.0,195.0,195.0,195.0,104.0,104.0,104.0,104.0,104.0,19,19,19,19,19,19,19,19,78.0,78.0,78.0,78.0,155.0,155.0,161,161,161,178.0,178.0,178.0,178.0,178.0,156,156,156,156,156,156,104.0
Part 100,38,38,35.0,35.0,35.0,40.0,40.0,40.0,38.0,38.0,38.0,38.0,38.0,21.0,21.0,21.0,21.0,21.0,21.0,21.0,21.0,21.0,21.0,21.0,21.0,21.0,21.0,21.0,21.0,21.0,21.0,21.0,21.0,6.0,6.0,6.0,6.0,6.0,16.0,16.0,16.0,16.0,16.0,16.0,28,28,48.0,48.0,48.0,48.0,48.0,48.0,48.0,48.0,48.0,39,39,39,0,0,0,22,22,22,22,22,8.0,8.0,8.0,8.0,8.0,2.0,2.0,2.0,2.0,1.0,1.0,1.0,1.0,1,1,1,1,1,1,1,1,1,1,0.0,0.0,0.0,0.0,0.0,0.0,0.0,0,0,0,0.0,0.0,0.0,0.0,0.0,0.0,0.0,5.0,5.0,5.0,5.0,15,15,15,15,15,16.0,16.0,16.0,16.0,23.0,23.0,23.0,23.0,23.0,0,0,0,0,0,0,0,0,1.0,1.0,1.0,1.0,6.0,6.0,27,27,27,33.0,33.0,33.0,33.0,33.0,23,23,23,23,23,23,0.0
Part 101,0,0,0.0,0.0,0.0,77.0,77.0,77.0,78.0,78.0,78.0,78.0,78.0,82.0,82.0,82.0,82.0,82.0,82.0,82.0,82.0,82.0,82.0,82.0,82.0,82.0,82.0,82.0,82.0,82.0,82.0,82.0,82.0,0.0,0.0,0.0,0.0,0.0,95.0,95.0,95.0,95.0,95.0,95.0,47,47,38.0,38.0,38.0,38.0,38.0,38.0,38.0,38.0,38.0,33,33,33,0,0,0,30,30,30,30,30,24.0,24.0,24.0,24.0,24.0,87.0,87.0,87.0,87.0,108.0,108.0,108.0,108.0,103,103,103,103,103,103,103,103,103,103,16.0,16.0,16.0,0.0,0.0,0.0,0.0,0,0,0,0.0,0.0,0.0,0.0,0.0,0.0,0.0,0.0,0.0,0.0,0.0,0,0,0,0,0,0.0,0.0,0.0,0.0,0.0,0.0,0.0,0.0,0.0,0,0,0,0,0,0,0,0,0.0,0.0,0.0,0.0,0.0,0.0,0,0,0,0.0,0.0,0.0,0.0,0.0,0,0,0,0,0,0,0.0
Part 102,0,0,3.0,3.0,3.0,2.0,2.0,2.0,2.0,2.0,2.0,2.0,2.0,2.0,2.0,2.0,2.0,2.0,2.0,2.0,2.0,2.0,2.0,2.0,2.0,2.0,2.0,2.0,2.0,2.0,2.0,2.0,2.0,2.0,2.0,2.0,2.0,2.0,1.0,1.0,1.0,1.0,1.0,1.0,11,11,52.0,52.0,52.0,52.0,52.0,52.0,52.0,52.0,52.0,50,50,50,0,0,0,4,4,4,4,4,24.0,24.0,24.0,24.0,24.0,16.0,16.0,16.0,16.0,1.0,1.0,1.0,1.0,5,5,5,5,5,5,5,5,5,5,48.0,48.0,48.0,43.0,43.0,43.0,43.0,9,9,9,12.0,12.0,12.0,12.0,103.0,103.0,103.0,47.0,47.0,47.0,47.0,8,8,8,8,8,3.0,3.0,3.0,3.0,33.0,33.0,33.0,33.0,33.0,7,7,7,7,7,7,7,7,1.0,1.0,1.0,1.0,6.0,6.0,30,30,30,71.0,71.0,71.0,71.0,71.0,50,50,50,50,50,50,21.0
Part 103,23,23,9.0,9.0,9.0,8.0,8.0,8.0,8.0,8.0,8.0,8.0,8.0,8.0,8.0,8.0,8.0,8.0,8.0,8.0,8.0,8.0,8.0,8.0,8.0,8.0,8.0,8.0,8.0,8.0,8.0,8.0,8.0,5.0,5.0,5.0,5.0,5.0,6.0,6.0,6.0,6.0,6.0,6.0,36,36,184.0,184.0,184.0,184.0,184.0,184.0,184.0,184.0,184.0,186,186,186,0,0,0,148,148,148,148,148,145.0,145.0,145.0,145.0,145.0,69.0,69.0,69.0,69.0,112.0,112.0,112.0,112.0,136,136,136,136,136,136,136,136,136,136,180.0,180.0,180.0,156.0,156.0,156.0,156.0,50,50,50,43.0,43.0,43.0,43.0,127.0,127.0,127.0,81.0,81.0,81.0,81.0,55,55,55,55,55,114.0,114.0,114.0,114.0,153.0,153.0,153.0,153.0,153.0,87,87,87,87,87,87,87,87,387.0,387.0,387.0,387.0,300.0,300.0,77,77,77,103.0,103.0,103.0,103.0,103.0,134,134,134,134,134,134,82.0
Part 104,223,223,199.0,199.0,199.0,127.0,127.0,127.0,127.0,127.0,127.0,127.0,127.0,134.0,134.0,134.0,134.0,134.0,134.0,134.0,134.0,134.0,134.0,134.0,134.0,134.0,134.0,134.0,134.0,134.0,134.0,134.0,134.0,115.0,115.0,115.0,115.0,115.0,92.0,92.0,92.0,92.0,92.0,92.0,53,53,16.0,16.0,16.0,16.0,16.0,16.0,16.0,16.0,16.0,6,6,6,0,0,0,3,3,3,3,3,42.0,42.0,42.0,42.0,42.0,156.0,156.0,156.0,156.0,115.0,115.0,115.0,115.0,160,160,160,160,160,160,160,160,160,160,94.0,94.0,94.0,127.0,127.0,127.0,127.0,187,187,187,242.0,242.0,242.0,242.0,67.0,67.0,67.0,109.0,109.0,109.0,109.0,212,212,212,212,212,192.0,192.0,192.0,192.0,92.0,92.0,92.0,92.0,92.0,25,25,25,25,25,25,25,25,19.0,19.0,19.0,19.0,4.0,4.0,2,2,2,31.0,31.0,31.0,31.0,31.0,102,102,102,102,102,102,40.0
Part 105,0,0,0.0,0.0,0.0,0.0,0.0,0.0,0.0,0.0,0.0,0.0,0.0,0.0,0.0,0.0,0.0,0.0,0.0,0.0,0.0,0.0,0.0,0.0,0.0,0.0,0.0,0.0,0.0,0.0,0.0,0.0,0.0,0.0,0.0,0.0,0.0,0.0,0.0,0.0,0.0,0.0,0.0,0.0,0,0,0.0,0.0,0.0,0.0,0.0,0.0,0.0,0.0,0.0,1,1,1,0,0,0,52,52,52,52,52,6.0,6.0,6.0,6.0,6.0,22.0,22.0,22.0,22.0,4.0,4.0,4.0,4.0,2,2,2,2,2,2,2,2,2,2,2.0,2.0,2.0,1.0,1.0,1.0,1.0,11,11,11,16.0,16.0,16.0,16.0,5.0,5.0,5.0,9.0,9.0,9.0,9.0,15,15,15,15,15,10.0,10.0,10.0,10.0,4.0,4.0,4.0,4.0,4.0,34,34,34,34,34,34,34,34,4.0,4.0,4.0,4.0,0.0,0.0,0,0,0,0.0,0.0,0.0,0.0,0.0,0,0,0,0,0,0,0.0
Part 106,263,263,234.0,234.0,234.0,479.0,479.0,479.0,501.0,501.0,501.0,501.0,501.0,500.0,500.0,500.0,500.0,500.0,500.0,500.0,500.0,500.0,500.0,500.0,500.0,500.0,500.0,500.0,500.0,500.0,500.0,500.0,500.0,340.0,340.0,340.0,340.0,340.0,334.0,334.0,334.0,334.0,334.0,334.0,309,309,598.0,598.0,598.0,598.0,598.0,598.0,598.0,598.0,598.0,519,519,519,0,0,0,531,531,531,531,531,558.0,558.0,558.0,558.0,558.0,567.0,567.0,567.0,567.0,577.0,577.0,577.0,577.0,620,620,620,620,620,620,620,620,620,620,587.0,587.0,587.0,587.0,587.0,587.0,587.0,560,560,560,579.0,579.0,579.0,579.0,544.0,544.0,544.0,538.0,538.0,538.0,538.0,563,563,563,563,563,545.0,545.0,545.0,545.0,535.0,535.0,535.0,535.0,535.0,559,559,559,559,559,559,559,559,549.0,549.0,549.0,549.0,505.0,505.0,359,359,359,502.0,502.0,502.0,502.0,502.0,444,444,444,444,444,444,364.0
Part 107,225,225,289.0,289.0,289.0,355.0,355.0,355.0,342.0,342.0,342.0,342.0,342.0,339.0,339.0,339.0,339.0,339.0,339.0,339.0,339.0,339.0,339.0,339.0,339.0,339.0,339.0,339.0,339.0,339.0,339.0,339.0,339.0,255.0,255.0,255.0,255.0,255.0,223.0,223.0,223.0,223.0,223.0,223.0,253,253,273.0,273.0,273.0,273.0,273.0,273.0,273.0,273.0,273.0,194,194,194,0,0,0,218,218,218,218,218,209.0,209.0,209.0,209.0,209.0,110.0,110.0,110.0,110.0,126.0,126.0,126.0,126.0,101,101,101,101,101,101,101,101,101,101,134.0,134.0,134.0,174.0,174.0,174.0,174.0,209,209,209,133.0,133.0,133.0,133.0,98.0,98.0,98.0,159.0,159.0,159.0,159.0,104,104,104,104,104,95.0,95.0,95.0,95.0,116.0,116.0,116.0,116.0,116.0,291,291,291,291,291,291,291,291,146.0,146.0,146.0,146.0,274.0,274.0,323,323,323,392.0,392.0,392.0,392.0,392.0,299,299,299,299,299,299,269.0
Part 108,1,1,1.0,1.0,1.0,9.0,9.0,9.0,30.0,30.0,30.0,30.0,30.0,8.0,8.0,8.0,8.0,8.0,8.0,8.0,8.0,8.0,8.0,8.0,8.0,8.0,8.0,8.0,8.0,8.0,8.0,8.0,8.0,7.0,7.0,7.0,7.0,7.0,6.0,6.0,6.0,6.0,6.0,6.0,6,6,6.0,6.0,6.0,6.0,6.0,6.0,6.0,6.0,6.0,4,4,4,0,0,0,4,4,4,4,4,4.0,4.0,4.0,4.0,4.0,4.0,4.0,4.0,4.0,4.0,4.0,4.0,4.0,4,4,4,4,4,4,4,4,4,4,4.0,4.0,4.0,0.0,0.0,0.0,0.0,0,0,0,0.0,0.0,0.0,0.0,0.0,0.0,0.0,0.0,0.0,0.0,0.0,0,0,0,0,0,0.0,0.0,0.0,0.0,0.0,0.0,0.0,0.0,0.0,17,17,17,17,17,17,17,17,22.0,22.0,22.0,22.0,7.0,7.0,7,7,7,7.0,7.0,7.0,7.0,7.0,6,6,6,6,6,6,6.0
Part 109,0,0,0.0,0.0,0.0,0.0,0.0,0.0,3.0,3.0,3.0,3.0,3.0,1.0,1.0,1.0,1.0,1.0,1.0,1.0,1.0,1.0,1.0,1.0,1.0,1.0,1.0,1.0,1.0,1.0,1.0,1.0,1.0,0.0,0.0,0.0,0.0,0.0,0.0,0.0,0.0,0.0,0.0,0.0,0,0,0.0,0.0,0.0,0.0,0.0,0.0,0.0,0.0,0.0,0,0,0,0,0,0,0,0,0,0,0,0.0,0.0,0.0,0.0,0.0,0.0,0.0,0.0,0.0,0.0,0.0,0.0,0.0,0,0,0,0,0,0,0,0,0,0,0.0,0.0,0.0,0.0,0.0,0.0,0.0,0,0,0,0.0,0.0,0.0,0.0,0.0,0.0,0.0,0.0,0.0,0.0,0.0,0,0,0,0,0,0.0,0.0,0.0,0.0,0.0,0.0,0.0,0.0,0.0,0,0,0,0,0,0,0,0,0.0,0.0,0.0,0.0,0.0,0.0,0,0,0,0.0,0.0,0.0,0.0,0.0,0,0,0,0,0,0,0.0
Part 11,0,0,0.0,0.0,0.0,0.0,0.0,0.0,0.0,0.0,0.0,0.0,0.0,0.0,0.0,0.0,0.0,0.0,0.0,0.0,0.0,0.0,0.0,0.0,0.0,0.0,0.0,0.0,0.0,0.0,0.0,0.0,0.0,1.0,1.0,1.0,1.0,1.0,4.0,4.0,4.0,4.0,4.0,4.0,3,3,5.0,5.0,5.0,5.0,5.0,5.0,5.0,5.0,5.0,9,9,9,0,0,0,0,0,0,0,0,0.0,0.0,0.0,0.0,0.0,0.0,0.0,0.0,0.0,0.0,0.0,0.0,0.0,1,1,1,1,1,1,1,1,1,1,0.0,0.0,0.0,0.0,0.0,0.0,0.0,0,0,0,0.0,0.0,0.0,0.0,0.0,0.0,0.0,4.0,4.0,4.0,4.0,0,0,0,0,0,2.0,2.0,2.0,2.0,2.0,2.0,2.0,2.0,2.0,2,2,2,2,2,2,2,2,14.0,14.0,14.0,14.0,2.0,2.0,1,1,1,0.0,0.0,0.0,0.0,0.0,1,1,1,1,1,1,1.0
Part 110,0,0,2.0,2.0,2.0,0.0,0.0,0.0,0.0,0.0,0.0,0.0,0.0,0.0,0.0,0.0,0.0,0.0,0.0,0.0,0.0,0.0,0.0,0.0,0.0,0.0,0.0,0.0,0.0,0.0,0.0,0.0,0.0,0.0,0.0,0.0,0.0,0.0,0.0,0.0,0.0,0.0,0.0,0.0,5,5,0.0,0.0,0.0,0.0,0.0,0.0,0.0,0.0,0.0,0,0,0,0,0,0,0,0,0,0,0,0.0,0.0,0.0,0.0,0.0,0.0,0.0,0.0,0.0,4.0,4.0,4.0,4.0,4,4,4,4,4,4,4,4,4,4,3.0,3.0,3.0,8.0,8.0,8.0,8.0,4,4,4,0.0,0.0,0.0,0.0,0.0,0.0,0.0,0.0,0.0,0.0,0.0,0,0,0,0,0,0.0,0.0,0.0,0.0,0.0,0.0,0.0,0.0,0.0,0,0,0,0,0,0,0,0,8.0,8.0,8.0,8.0,0.0,0.0,0,0,0,5.0,5.0,5.0,5.0,5.0,0,0,0,0,0,0,0.0
Part 111,0,0,0.0,0.0,0.0,0.0,0.0,0.0,0.0,0.0,0.0,0.0,0.0,0.0,0.0,0.0,0.0,0.0,0.0,0.0,0.0,0.0,0.0,0.0,0.0,0.0,0.0,0.0,0.0,0.0,0.0,0.0,0.0,0.0,0.0,0.0,0.0,0.0,0.0,0.0,0.0,0.0,0.0,0.0,3,3,0.0,0.0,0.0,0.0,0.0,0.0,0.0,0.0,0.0,0,0,0,0,0,0,0,0,0,0,0,0.0,0.0,0.0,0.0,0.0,0.0,0.0,0.0,0.0,0.0,0.0,0.0,0.0,0,0,0,0,0,0,0,0,0,0,0.0,0.0,0.0,0.0,0.0,0.0,0.0,0,0,0,0.0,0.0,0.0,0.0,0.0,0.0,0.0,0.0,0.0,0.0,0.0,0,0,0,0,0,0.0,0.0,0.0,0.0,0.0,0.0,0.0,0.0,0.0,0,0,0,0,0,0,0,0,0.0,0.0,0.0,0.0,0.0,0.0,0,0,0,0.0,0.0,0.0,0.0,0.0,0,0,0,0,0,0,0.0
Part 112,0,0,0.0,0.0,0.0,0.0,0.0,0.0,0.0,0.0,0.0,0.0,0.0,0.0,0.0,0.0,0.0,0.0,0.0,0.0,0.0,0.0,0.0,0.0,0.0,0.0,0.0,0.0,0.0,0.0,0.0,0.0,0.0,0.0,0.0,0.0,0.0,0.0,0.0,0.0,0.0,0.0,0.0,0.0,0,0,0.0,0.0,0.0,0.0,0.0,0.0,0.0,0.0,0.0,0,0,0,0,0,0,0,0,0,0,0,0.0,0.0,0.0,0.0,0.0,0.0,0.0,0.0,0.0,2.0,2.0,2.0,2.0,0,0,0,0,0,0,0,0,0,0,0.0,0.0,0.0,0.0,0.0,0.0,0.0,0,0,0,0.0,0.0,0.0,0.0,0.0,0.0,0.0,0.0,0.0,0.0,0.0,0,0,0,0,0,0.0,0.0,0.0,0.0,0.0,0.0,0.0,0.0,0.0,0,0,0,0,0,0,0,0,0.0,0.0,0.0,0.0,0.0,0.0,0,0,0,0.0,0.0,0.0,0.0,0.0,0,0,0,0,0,0,0.0
Part 113,0,0,0.0,0.0,0.0,0.0,0.0,0.0,0.0,0.0,0.0,0.0,0.0,0.0,0.0,0.0,0.0,0.0,0.0,0.0,0.0,0.0,0.0,0.0,0.0,0.0,0.0,0.0,0.0,0.0,0.0,0.0,0.0,0.0,0.0,0.0,0.0,0.0,0.0,0.0,0.0,0.0,0.0,0.0,0,0,0.0,0.0,0.0,0.0,0.0,0.0,0.0,0.0,0.0,0,0,0,0,0,0,0,0,0,0,0,0.0,0.0,0.0,0.0,0.0,0.0,0.0,0.0,0.0,0.0,0.0,0.0,0.0,0,0,0,0,0,0,0,0,0,0,0.0,0.0,0.0,0.0,0.0,0.0,0.0,7,7,7,5.0,5.0,5.0,5.0,0.0,0.0,0.0,1.0,1.0,1.0,1.0,0,0,0,0,0,0.0,0.0,0.0,0.0,0.0,0.0,0.0,0.0,0.0,0,0,0,0,0,0,0,0,0.0,0.0,0.0,0.0,0.0,0.0,0,0,0,0.0,0.0,0.0,0.0,0.0,0,0,0,0,0,0,0.0
Part 114,0,0,0.0,0.0,0.0,0.0,0.0,0.0,0.0,0.0,0.0,0.0,0.0,0.0,0.0,0.0,0.0,0.0,0.0,0.0,0.0,0.0,0.0,0.0,0.0,0.0,0.0,0.0,0.0,0.0,0.0,0.0,0.0,0.0,0.0,0.0,0.0,0.0,0.0,0.0,0.0,0.0,0.0,0.0,0,0,0.0,0.0,0.0,0.0,0.0,0.0,0.0,0.0,0.0,0,0,0,0,0,0,0,0,0,0,0,0.0,0.0,0.0,0.0,0.0,0.0,0.0,0.0,0.0,0.0,0.0,0.0,0.0,0,0,0,0,0,0,0,0,0,0,0.0,0.0,0.0,0.0,0.0,0.0,0.0,0,0,0,0.0,0.0,0.0,0.0,0.0,0.0,0.0,0.0,0.0,0.0,0.0,0,0,0,0,0,0.0,0.0,0.0,0.0,0.0,0.0,0.0,0.0,0.0,0,0,0,0,0,0,0,0,0.0,0.0,0.0,0.0,0.0,0.0,6,6,6,5.0,5.0,5.0,5.0,5.0,0,0,0,0,0,0,0.0
Part 115,0,0,0.0,0.0,0.0,0.0,0.0,0.0,0.0,0.0,0.0,0.0,0.0,0.0,0.0,0.0,0.0,0.0,0.0,0.0,0.0,0.0,0.0,0.0,0.0,0.0,0.0,0.0,0.0,0.0,0.0,0.0,0.0,0.0,0.0,0.0,0.0,0.0,0.0,0.0,0.0,0.0,0.0,0.0,0,0,0.0,0.0,0.0,0.0,0.0,0.0,0.0,0.0,0.0,0,0,0,0,0,0,0,0,0,0,0,0.0,0.0,0.0,0.0,0.0,0.0,0.0,0.0,0.0,0.0,0.0,0.0,0.0,0,0,0,0,0,0,0,0,0,0,0.0,0.0,0.0,0.0,0.0,0.0,0.0,0,0,0,0.0,0.0,0.0,0.0,0.0,0.0,0.0,0.0,0.0,0.0,0.0,0,0,0,0,0,0.0,0.0,0.0,0.0,0.0,0.0,0.0,0.0,0.0,0,0,0,0,0,0,0,0,0.0,0.0,0.0,0.0,0.0,0.0,0,0,0,0.0,0.0,0.0,0.0,0.0,0,0,0,0,0,0,0.0
Part 116,0,0,0.0,0.0,0.0,0.0,0.0,0.0,0.0,0.0,0.0,0.0,0.0,0.0,0.0,0.0,0.0,0.0,0.0,0.0,0.0,0.0,0.0,0.0,0.0,0.0,0.0,0.0,0.0,0.0,0.0,0.0,0.0,0.0,0.0,0.0,0.0,0.0,0.0,0.0,0.0,0.0,0.0,0.0,0,0,0.0,0.0,0.0,0.0,0.0,0.0,0.0,0.0,0.0,0,0,0,0,0,0,0,0,0,0,0,0.0,0.0,0.0,0.0,0.0,0.0,0.0,0.0,0.0,0.0,0.0,0.0,0.0,0,0,0,0,0,0,0,0,0,0,0.0,0.0,0.0,0.0,0.0,0.0,0.0,0,0,0,0.0,0.0,0.0,0.0,0.0,0.0,0.0,0.0,0.0,0.0,0.0,0,0,0,0,0,3.0,3.0,3.0,3.0,3.0,3.0,3.0,3.0,3.0,1,1,1,1,1,1,1,1,2.0,2.0,2.0,2.0,0.0,0.0,0,0,0,0.0,0.0,0.0,0.0,0.0,0,0,0,0,0,0,0.0
Part 12,27,27,27.0,27.0,27.0,28.0,28.0,28.0,19.0,19.0,19.0,19.0,19.0,8.0,8.0,8.0,8.0,8.0,8.0,8.0,8.0,8.0,8.0,8.0,8.0,8.0,8.0,8.0,8.0,8.0,8.0,8.0,8.0,9.0,9.0,9.0,9.0,9.0,21.0,21.0,21.0,21.0,21.0,21.0,43,43,68.0,68.0,68.0,68.0,68.0,68.0,68.0,68.0,68.0,50,50,50,0,0,0,57,57,57,57,57,26.0,26.0,26.0,26.0,26.0,0.0,0.0,0.0,0.0,9.0,9.0,9.0,9.0,0,0,0,0,0,0,0,0,0,0,32.0,32.0,32.0,39.0,39.0,39.0,39.0,16,16,16,8.0,8.0,8.0,8.0,5.0,5.0,5.0,1.0,1.0,1.0,1.0,1,1,1,1,1,4.0,4.0,4.0,4.0,1.0,1.0,1.0,1.0,1.0,1,1,1,1,1,1,1,1,0.0,0.0,0.0,0.0,0.0,0.0,0,0,0,0.0,0.0,0.0,0.0,0.0,0,0,0,0,0,0,3.0
Part 13,0,0,0.0,0.0,0.0,0.0,0.0,0.0,0.0,0.0,0.0,0.0,0.0,0.0,0.0,0.0,0.0,0.0,0.0,0.0,0.0,0.0,0.0,0.0,0.0,0.0,0.0,0.0,0.0,0.0,0.0,0.0,0.0,4.0,4.0,4.0,4.0,4.0,2.0,2.0,2.0,2.0,2.0,2.0,9,9,2.0,2.0,2.0,2.0,2.0,2.0,2.0,2.0,2.0,5,5,5,0,0,0,1,1,1,1,1,0.0,0.0,0.0,0.0,0.0,0.0,0.0,0.0,0.0,0.0,0.0,0.0,0.0,8,8,8,8,8,8,8,8,8,8,0.0,0.0,0.0,0.0,0.0,0.0,0.0,0,0,0,0.0,0.0,0.0,0.0,3.0,3.0,3.0,0.0,0.0,0.0,0.0,0,0,0,0,0,0.0,0.0,0.0,0.0,2.0,2.0,2.0,2.0,2.0,0,0,0,0,0,0,0,0,5.0,5.0,5.0,5.0,0.0,0.0,1,1,1,1.0,1.0,1.0,1.0,1.0,4,4,4,4,4,4,0.0
Part 14,95,95,43.0,43.0,43.0,36.0,36.0,36.0,33.0,33.0,33.0,33.0,33.0,30.0,30.0,30.0,30.0,30.0,30.0,30.0,30.0,30.0,30.0,30.0,30.0,30.0,30.0,30.0,30.0,30.0,30.0,30.0,30.0,90.0,90.0,90.0,90.0,90.0,105.0,105.0,105.0,105.0,105.0,105.0,105,105,86.0,86.0,86.0,86.0,86.0,86.0,86.0,86.0,86.0,62,62,62,0,0,0,63,63,63,63,63,81.0,81.0,81.0,81.0,81.0,89.0,89.0,89.0,89.0,83.0,83.0,83.0,83.0,82,82,82,82,82,82,82,82,82,82,127.0,127.0,127.0,132.0,132.0,132.0,132.0,110,110,110,128.0,128.0,128.0,128.0,130.0,130.0,130.0,122.0,122.0,122.0,122.0,124,124,124,124,124,125.0,125.0,125.0,125.0,107.0,107.0,107.0,107.0,107.0,99,99,99,99,99,99,99,99,66.0,66.0,66.0,66.0,85.0,85.0,95,95,95,72.0,72.0,72.0,72.0,72.0,60,60,60,60,60,60,57.0
Part 15,18,18,8.0,8.0,8.0,11.0,11.0,11.0,14.0,14.0,14.0,14.0,14.0,18.0,18.0,18.0,18.0,18.0,18.0,18.0,18.0,18.0,18.0,18.0,18.0,18.0,18.0,18.0,18.0,18.0,18.0,18.0,18.0,17.0,17.0,17.0,17.0,17.0,12.0,12.0,12.0,12.0,12.0,12.0,14,14,28.0,28.0,28.0,28.0,28.0,28.0,28.0,28.0,28.0,45,45,45,0,0,0,52,52,52,52,52,30.0,30.0,30.0,30.0,30.0,31.0,31.0,31.0,31.0,29.0,29.0,29.0,29.0,27,27,27,27,27,27,27,27,27,27,29.0,29.0,29.0,27.0,27.0,27.0,27.0,20,20,20,13.0,13.0,13.0,13.0,37.0,37.0,37.0,12.0,12.0,12.0,12.0,7,7,7,7,7,1.0,1.0,1.0,1.0,7.0,7.0,7.0,7.0,7.0,23,23,23,23,23,23,23,23,29.0,29.0,29.0,29.0,29.0,29.0,23,23,23,17.0,17.0,17.0,17.0,17.0,39,39,39,39,39,39,37.0
Part 16,43,43,20.0,20.0,20.0,20.0,20.0,20.0,31.0,31.0,31.0,31.0,31.0,34.0,34.0,34.0,34.0,34.0,34.0,34.0,34.0,34.0,34.0,34.0,34.0,34.0,34.0,34.0,34.0,34.0,34.0,34.0,34.0,85.0,85.0,85.0,85.0,85.0,89.0,89.0,89.0,89.0,89.0,89.0,71,71,81.0,81.0,81.0,81.0,81.0,81.0,81.0,81.0,81.0,68,68,68,0,0,0,57,57,57,57,57,55.0,55.0,55.0,55.0,55.0,60.0,60.0,60.0,60.0,60.0,60.0,60.0,60.0,52,52,52,52,52,52,52,52,52,52,51.0,51.0,51.0,53.0,53.0,53.0,53.0,54,54,54,56.0,56.0,56.0,56.0,37.0,37.0,37.0,46.0,46.0,46.0,46.0,53,53,53,53,53,51.0,51.0,51.0,51.0,54.0,54.0,54.0,54.0,54.0,53,53,53,53,53,53,53,53,64.0,64.0,64.0,64.0,53.0,53.0,63,63,63,64.0,64.0,64.0,64.0,64.0,70,70,70,70,70,70,75.0
Part 17,7,7,4.0,4.0,4.0,4.0,4.0,4.0,1.0,1.0,1.0,1.0,1.0,1.0,1.0,1.0,1.0,1.0,1.0,1.0,1.0,1.0,1.0,1.0,1.0,1.0,1.0,1.0,1.0,1.0,1.0,1.0,1.0,1.0,1.0,1.0,1.0,1.0,9.0,9.0,9.0,9.0,9.0,9.0,43,43,51.0,51.0,51.0,51.0,51.0,51.0,51.0,51.0,51.0,57,57,57,0,0,0,59,59,59,59,59,56.0,56.0,56.0,56.0,56.0,44.0,44.0,44.0,44.0,45.0,45.0,45.0,45.0,58,58,58,58,58,58,58,58,58,58,67.0,67.0,67.0,63.0,63.0,63.0,63.0,90,90,90,91.0,91.0,91.0,91.0,87.0,87.0,87.0,92.0,92.0,92.0,92.0,121,121,121,121,121,156.0,156.0,156.0,156.0,152.0,152.0,152.0,152.0,152.0,148,148,148,148,148,148,148,148,170.0,170.0,170.0,170.0,155.0,155.0,162,162,162,134.0,134.0,134.0,134.0,134.0,148,148,148,148,148,148,121.0
Part 18,180,180,121.0,121.0,121.0,84.0,84.0,84.0,100.0,100.0,100.0,100.0,100.0,107.0,107.0,107.0,107.0,107.0,107.0,107.0,107.0,107.0,107.0,107.0,107.0,107.0,107.0,107.0,107.0,107.0,107.0,107.0,107.0,127.0,127.0,127.0,127.0,127.0,131.0,131.0,131.0,131.0,131.0,131.0,125,125,125.0,125.0,125.0,125.0,125.0,125.0,125.0,125.0,125.0,160,160,160,0,0,0,146,146,146,146,146,123.0,123.0,123.0,123.0,123.0,153.0,153.0,153.0,153.0,181.0,181.0,181.0,181.0,151,151,151,151,151,151,151,151,151,151,127.0,127.0,127.0,131.0,131.0,131.0,131.0,106,106,106,102.0,102.0,102.0,102.0,108.0,108.0,108.0,150.0,150.0,150.0,150.0,135,135,135,135,135,102.0,102.0,102.0,102.0,99.0,99.0,99.0,99.0,99.0,98,98,98,98,98,98,98,98,78.0,78.0,78.0,78.0,76.0,76.0,96,96,96,92.0,92.0,92.0,92.0,92.0,91,91,91,91,91,91,130.0
Part 19,36,36,23.0,23.0,23.0,61.0,61.0,61.0,48.0,48.0,48.0,48.0,48.0,42.0,42.0,42.0,42.0,42.0,42.0,42.0,42.0,42.0,42.0,42.0,42.0,42.0,42.0,42.0,42.0,42.0,42.0,42.0,42.0,94.0,94.0,94.0,94.0,94.0,70.0,70.0,70.0,70.0,70.0,70.0,42,42,25.0,25.0,25.0,25.0,25.0,25.0,25.0,25.0,25.0,27,27,27,0,0,0,41,41,41,41,41,60.0,60.0,60.0,60.0,60.0,57.0,57.0,57.0,57.0,31.0,31.0,31.0,31.0,41,41,41,41,41,41,41,41,41,41,32.0,32.0,32.0,32.0,32.0,32.0,32.0,34,34,34,38.0,38.0,38.0,38.0,31.0,31.0,31.0,25.0,25.0,25.0,25.0,6,6,6,6,6,1.0,1.0,1.0,1.0,0.0,0.0,0.0,0.0,0.0,0,0,0,0,0,0,0,0,4.0,4.0,4.0,4.0,3.0,3.0,0,0,0,0.0,0.0,0.0,0.0,0.0,0,0,0,0,0,0,56.0
Part 2,616,616,600.0,600.0,600.0,621.0,621.0,621.0,636.0,636.0,636.0,636.0,636.0,632.0,632.0,632.0,632.0,632.0,632.0,632.0,632.0,632.0,632.0,632.0,632.0,632.0,632.0,632.0,632.0,632.0,632.0,632.0,632.0,641.0,641.0,641.0,641.0,641.0,523.0,523.0,523.0,523.0,523.0,523.0,555,555,609.0,609.0,609.0,609.0,609.0,609.0,609.0,609.0,609.0,529,529,529,0,0,0,392,392,392,392,392,391.0,391.0,391.0,391.0,391.0,531.0,531.0,531.0,531.0,569.0,569.0,569.0,569.0,555,555,555,555,555,555,555,555,555,555,559.0,559.0,559.0,513.0,513.0,513.0,513.0,564,564,564,632.0,632.0,632.0,632.0,595.0,595.0,595.0,588.0,588.0,588.0,588.0,599,599,599,599,599,624.0,624.0,624.0,624.0,678.0,678.0,678.0,678.0,678.0,737,737,737,737,737,737,737,737,638.0,638.0,638.0,638.0,666.0,666.0,574,574,574,640.0,640.0,640.0,640.0,640.0,578,578,578,578,578,578,580.0
Part 20,43,43,18.0,18.0,18.0,20.0,20.0,20.0,9.0,9.0,9.0,9.0,9.0,7.0,7.0,7.0,7.0,7.0,7.0,7.0,7.0,7.0,7.0,7.0,7.0,7.0,7.0,7.0,7.0,7.0,7.0,7.0,7.0,10.0,10.0,10.0,10.0,10.0,10.0,10.0,10.0,10.0,10.0,10.0,19,19,16.0,16.0,16.0,16.0,16.0,16.0,16.0,16.0,16.0,25,25,25,0,0,0,35,35,35,35,35,51.0,51.0,51.0,51.0,51.0,8.0,8.0,8.0,8.0,32.0,32.0,32.0,32.0,42,42,42,42,42,42,42,42,42,42,15.0,15.0,15.0,13.0,13.0,13.0,13.0,40,40,40,33.0,33.0,33.0,33.0,30.0,30.0,30.0,48.0,48.0,48.0,48.0,37,37,37,37,37,25.0,25.0,25.0,25.0,47.0,47.0,47.0,47.0,47.0,39,39,39,39,39,39,39,39,44.0,44.0,44.0,44.0,46.0,46.0,42,42,42,99.0,99.0,99.0,99.0,99.0,65,65,65,65,65,65,14.0
Part 21,180,180,183.5,183.5,183.5,281.5,281.5,281.5,280.0,280.0,280.0,280.0,280.0,258.5,258.5,258.5,258.5,258.5,258.5,258.5,258.5,258.5,258.5,258.5,258.5,258.5,258.5,258.5,258.5,258.5,258.5,258.5,258.5,262.5,262.5,262.5,262.5,262.5,271.5,271.5,271.5,271.5,271.5,271.5,264,264,251.0,251.0,251.0,251.0,251.0,251.0,251.0,251.0,251.0,258,258,258,0,0,0,277,277,277,277,277,253.5,253.5,253.5,253.5,253.5,237.5,237.5,237.5,237.5,248.5,248.5,248.5,248.5,242,242,242,242,242,242,242,242,242,242,250.5,250.5,250.5,249.5,249.5,249.5,249.5,251,251,251,242.5,242.5,242.5,242.5,175.5,175.5,175.5,252.5,252.5,252.5,252.5,248,248,248,248,248,250.5,250.5,250.5,250.5,264.5,264.5,264.5,264.5,264.5,250,250,250,250,250,250,250,250,260.5,260.5,260.5,260.5,271.5,271.5,273,273,273,255.5,255.5,255.5,255.5,255.5,242,242,242,242,242,242,225.0
Part 22,39,39,49.0,49.0,49.0,59.0,59.0,59.0,53.0,53.0,53.0,53.0,53.0,41.0,41.0,41.0,41.0,41.0,41.0,41.0,41.0,41.0,41.0,41.0,41.0,41.0,41.0,41.0,41.0,41.0,41.0,41.0,41.0,73.0,73.0,73.0,73.0,73.0,56.0,56.0,56.0,56.0,56.0,56.0,83,83,76.0,76.0,76.0,76.0,76.0,76.0,76.0,76.0,76.0,52,52,52,0,0,0,28,28,28,28,28,57.0,57.0,57.0,57.0,57.0,56.0,56.0,56.0,56.0,71.0,71.0,71.0,71.0,67,67,67,67,67,67,67,67,67,67,40.0,40.0,40.0,41.0,41.0,41.0,41.0,28,28,28,8.0,8.0,8.0,8.0,19.0,19.0,19.0,44.0,44.0,44.0,44.0,34,34,34,34,34,50.0,50.0,50.0,50.0,56.0,56.0,56.0,56.0,56.0,64,64,64,64,64,64,64,64,26.0,26.0,26.0,26.0,11.0,11.0,7,7,7,8.0,8.0,8.0,8.0,8.0,6,6,6,6,6,6,14.0
Part 23,0,0,0.0,0.0,0.0,0.0,0.0,0.0,0.0,0.0,0.0,0.0,0.0,0.0,0.0,0.0,0.0,0.0,0.0,0.0,0.0,0.0,0.0,0.0,0.0,0.0,0.0,0.0,0.0,0.0,0.0,0.0,0.0,0.0,0.0,0.0,0.0,0.0,0.0,0.0,0.0,0.0,0.0,0.0,0,0,0.0,0.0,0.0,0.0,0.0,0.0,0.0,0.0,0.0,0,0,0,0,0,0,0,0,0,0,0,0.0,0.0,0.0,0.0,0.0,0.0,0.0,0.0,0.0,0.0,0.0,0.0,0.0,0,0,0,0,0,0,0,0,0,0,18.0,18.0,18.0,20.0,20.0,20.0,20.0,1,1,1,1.0,1.0,1.0,1.0,0.0,0.0,0.0,0.0,0.0,0.0,0.0,0,0,0,0,0,0.0,0.0,0.0,0.0,0.0,0.0,0.0,0.0,0.0,0,0,0,0,0,0,0,0,1.0,1.0,1.0,1.0,1.0,1.0,1,1,1,0.0,0.0,0.0,0.0,0.0,1,1,1,1,1,1,0.0
Part 24,9,9,7.0,7.0,7.0,9.0,9.0,9.0,11.0,11.0,11.0,11.0,11.0,176.0,176.0,176.0,176.0,176.0,176.0,176.0,176.0,176.0,176.0,176.0,176.0,176.0,176.0,176.0,176.0,176.0,176.0,176.0,176.0,184.0,184.0,184.0,184.0,184.0,202.0,202.0,202.0,202.0,202.0,202.0,165,165,94.0,94.0,94.0,94.0,94.0,94.0,94.0,94.0,94.0,102,102,102,0,0,0,150,150,150,150,150,125.0,125.0,125.0,125.0,125.0,121.0,121.0,121.0,121.0,149.0,149.0,149.0,149.0,193,193,193,193,193,193,193,193,193,193,131.0,131.0,131.0,148.0,148.0,148.0,148.0,186,186,186,182.0,182.0,182.0,182.0,140.0,140.0,140.0,125.0,125.0,125.0,125.0,106,106,106,106,106,85.0,85.0,85.0,85.0,195.0,195.0,195.0,195.0,195.0,275,275,275,275,275,275,275,275,191.0,191.0,191.0,191.0,144.0,144.0,142,142,142,135.0,135.0,135.0,135.0,135.0,162,162,162,162,162,162,187.0
Part 25,30,30,27.0,27.0,27.0,28.0,28.0,28.0,0.0,0.0,0.0,0.0,0.0,0.0,0.0,0.0,0.0,0.0,0.0,0.0,0.0,0.0,0.0,0.0,0.0,0.0,0.0,0.0,0.0,0.0,0.0,0.0,0.0,22.0,22.0,22.0,22.0,22.0,32.0,32.0,32.0,32.0,32.0,32.0,37,37,43.0,43.0,43.0,43.0,43.0,43.0,43.0,43.0,43.0,41,41,41,0,0,0,41,41,41,41,41,51.0,51.0,51.0,51.0,51.0,47.0,47.0,47.0,47.0,42.0,42.0,42.0,42.0,45,45,45,45,45,45,45,45,45,45,44.0,44.0,44.0,23.0,23.0,23.0,23.0,29,29,29,32.0,32.0,32.0,32.0,0.0,0.0,0.0,48.0,48.0,48.0,48.0,41,41,41,41,41,39.0,39.0,39.0,39.0,30.0,30.0,30.0,30.0,30.0,25,25,25,25,25,25,25,25,46.0,46.0,46.0,46.0,33.0,33.0,23,23,23,24.0,24.0,24.0,24.0,24.0,18,18,18,18,18,18,30.0
Part 26,180,180,183.5,183.5,183.5,299.5,299.5,299.5,301.5,301.5,301.5,301.5,301.5,280.5,280.5,280.5,280.5,280.5,280.5,280.5,280.5,280.5,280.5,280.5,280.5,280.5,280.5,280.5,280.5,280.5,280.5,280.5,280.5,286.0,286.0,286.0,286.0,286.0,291.5,291.5,291.5,291.5,291.5,291.5,282,282,264.5,264.5,264.5,264.5,264.5,264.5,264.5,264.5,264.5,270,270,270,0,0,0,283,283,283,283,283,254.5,254.5,254.5,254.5,254.5,243.0,243.0,243.0,243.0,258.0,258.0,258.0,258.0,249,249,249,249,249,249,249,249,249,249,255.0,255.0,255.0,259.0,259.0,259.0,259.0,261,261,261,252.0,252.0,252.0,252.0,175.5,175.5,175.5,270.0,270.0,270.0,270.0,266,266,266,266,266,261.0,261.0,261.0,261.0,269.0,269.0,269.0,269.0,269.0,263,263,263,263,263,263,263,263,276.5,276.5,276.5,276.5,279.0,279.0,276,276,276,255.5,255.5,255.5,255.5,255.5,245,245,245,245,245,245,238.5
Part 27,117,117,114.0,114.0,114.0,99.0,99.0,99.0,124.0,124.0,124.0,124.0,124.0,121.0,121.0,121.0,121.0,121.0,121.0,121.0,121.0,121.0,121.0,121.0,121.0,121.0,121.0,121.0,121.0,121.0,121.0,121.0,121.0,198.0,198.0,198.0,198.0,198.0,205.0,205.0,205.0,205.0,205.0,205.0,170,170,174.0,174.0,174.0,174.0,174.0,174.0,174.0,174.0,174.0,200,200,200,0,0,0,228,228,228,228,228,208.0,208.0,208.0,208.0,208.0,193.0,193.0,193.0,193.0,179.0,179.0,179.0,179.0,180,180,180,180,180,180,180,180,180,180,168.0,168.0,168.0,156.0,156.0,156.0,156.0,183,183,183,209.0,209.0,209.0,209.0,191.0,191.0,191.0,168.0,168.0,168.0,168.0,172,172,172,172,172,160.0,160.0,160.0,160.0,163.0,163.0,163.0,163.0,163.0,144,144,144,144,144,144,144,144,181.0,181.0,181.0,181.0,194.0,194.0,201,201,201,208.0,208.0,208.0,208.0,208.0,200,200,200,200,200,200,203.0
Part 28,104,104,100.0,100.0,100.0,106.0,106.0,106.0,106.0,106.0,106.0,106.0,106.0,684.0,684.0,684.0,684.0,684.0,684.0,684.0,684.0,684.0,684.0,684.0,684.0,684.0,684.0,684.0,684.0,684.0,684.0,684.0,684.0,536.0,536.0,536.0,536.0,536.0,498.0,498.0,498.0,498.0,498.0,498.0,498,498,490.0,490.0,490.0,490.0,490.0,490.0,490.0,490.0,490.0,522,522,522,0,0,0,538,538,538,538,538,526.0,526.0,526.0,526.0,526.0,544.0,544.0,544.0,544.0,552.0,552.0,552.0,552.0,550,550,550,550,550,550,550,550,550,550,616.0,616.0,616.0,610.0,610.0,610.0,610.0,620,620,620,608.0,608.0,608.0,608.0,618.0,618.0,618.0,598.0,598.0,598.0,598.0,574,574,574,574,574,572.0,572.0,572.0,572.0,608.0,608.0,608.0,608.0,608.0,594,594,594,594,594,594,594,594,576.0,576.0,576.0,576.0,602.0,602.0,610,610,610,628.0,628.0,628.0,628.0,628.0,646,646,646,646,646,646,590.0
Part 29,312,312,326.0,326.0,326.0,316.0,316.0,316.0,354.0,354.0,354.0,354.0,354.0,324.0,324.0,324.0,324.0,324.0,324.0,324.0,324.0,324.0,324.0,324.0,324.0,324.0,324.0,324.0,324.0,324.0,324.0,324.0,324.0,542.0,542.0,542.0,542.0,542.0,522.0,522.0,522.0,522.0,522.0,522.0,506,506,500.0,500.0,500.0,500.0,500.0,500.0,500.0,500.0,500.0,504,504,504,0,0,0,512,512,512,512,512,530.0,530.0,530.0,530.0,530.0,498.0,498.0,498.0,498.0,500.0,500.0,500.0,500.0,494,494,494,494,494,494,494,494,494,494,452.0,452.0,452.0,434.0,434.0,434.0,434.0,424,424,424,436.0,436.0,436.0,436.0,420.0,420.0,420.0,424.0,424.0,424.0,424.0,412,412,412,412,412,420.0,420.0,420.0,420.0,438.0,438.0,438.0,438.0,438.0,416,416,416,416,416,416,416,416,416.0,416.0,416.0,416.0,412.0,412.0,418,418,418,432.0,432.0,432.0,432.0,432.0,414,414,414,414,414,414,434.0
Part 3,104,104,75.0,75.0,75.0,23.0,23.0,23.0,41.0,41.0,41.0,41.0,41.0,62.0,62.0,62.0,62.0,62.0,62.0,62.0,62.0,62.0,62.0,62.0,62.0,62.0,62.0,62.0,62.0,62.0,62.0,62.0,62.0,55.0,55.0,55.0,55.0,55.0,30.0,30.0,30.0,30.0,30.0,30.0,15,15,107.0,107.0,107.0,107.0,107.0,107.0,107.0,107.0,107.0,144,144,144,0,0,0,165,165,165,165,165,175.0,175.0,175.0,175.0,175.0,94.0,94.0,94.0,94.0,74.0,74.0,74.0,74.0,159,159,159,159,159,159,159,159,159,159,92.0,92.0,92.0,32.0,32.0,32.0,32.0,2,2,2,2.0,2.0,2.0,2.0,0.0,0.0,0.0,0.0,0.0,0.0,0.0,0,0,0,0,0,0.0,0.0,0.0,0.0,0.0,0.0,0.0,0.0,0.0,0,0,0,0,0,0,0,0,0.0,0.0,0.0,0.0,0.0,0.0,0,0,0,0.0,0.0,0.0,0.0,0.0,24,24,24,24,24,24,60.0
Part 30,330,330,409.0,409.0,409.0,422.0,422.0,422.0,428.0,428.0,428.0,428.0,428.0,363.0,363.0,363.0,363.0,363.0,363.0,363.0,363.0,363.0,363.0,363.0,363.0,363.0,363.0,363.0,363.0,363.0,363.0,363.0,363.0,490.0,490.0,490.0,490.0,490.0,420.0,420.0,420.0,420.0,420.0,420.0,316,316,327.0,327.0,327.0,327.0,327.0,327.0,327.0,327.0,327.0,333,333,333,0,0,0,290,290,290,290,290,198.0,198.0,198.0,198.0,198.0,278.0,278.0,278.0,278.0,293.0,293.0,293.0,293.0,244,244,244,244,244,244,244,244,244,244,359.0,359.0,359.0,314.0,314.0,314.0,314.0,297,297,297,261.0,261.0,261.0,261.0,0.0,0.0,0.0,270.0,270.0,270.0,270.0,137,137,137,137,137,122.0,122.0,122.0,122.0,221.0,221.0,221.0,221.0,221.0,158,158,158,158,158,158,158,158,55.0,55.0,55.0,55.0,83.0,83.0,125,125,125,91.0,91.0,91.0,91.0,91.0,184,184,184,184,184,184,239.0
Part 31,3,3,29.0,29.0,29.0,25.0,25.0,25.0,21.0,21.0,21.0,21.0,21.0,9.0,9.0,9.0,9.0,9.0,9.0,9.0,9.0,9.0,9.0,9.0,9.0,9.0,9.0,9.0,9.0,9.0,9.0,9.0,9.0,0.0,0.0,0.0,0.0,0.0,0.0,0.0,0.0,0.0,0.0,0.0,0,0,0.0,0.0,0.0,0.0,0.0,0.0,0.0,0.0,0.0,0,0,0,0,0,0,0,0,0,0,0,0.0,0.0,0.0,0.0,0.0,0.0,0.0,0.0,0.0,0.0,0.0,0.0,0.0,0,0,0,0,0,0,0,0,0,0,18.0,18.0,18.0,16.0,16.0,16.0,16.0,25,25,25,56.0,56.0,56.0,56.0,0.0,0.0,0.0,43.0,43.0,43.0,43.0,47,47,47,47,47,60.0,60.0,60.0,60.0,58.0,58.0,58.0,58.0,58.0,41,41,41,41,41,41,41,41,10.0,10.0,10.0,10.0,11.0,11.0,5,5,5,9.0,9.0,9.0,9.0,9.0,19,19,19,19,19,19,41.0
Part 32,5,5,1.0,1.0,1.0,1.0,1.0,1.0,37.0,37.0,37.0,37.0,37.0,72.0,72.0,72.0,72.0,72.0,72.0,72.0,72.0,72.0,72.0,72.0,72.0,72.0,72.0,72.0,72.0,72.0,72.0,72.0,72.0,42.0,42.0,42.0,42.0,42.0,37.0,37.0,37.0,37.0,37.0,37.0,36,36,2.0,2.0,2.0,2.0,2.0,2.0,2.0,2.0,2.0,0,0,0,0,0,0,0,0,0,0,0,0.0,0.0,0.0,0.0,0.0,0.0,0.0,0.0,0.0,0.0,0.0,0.0,0.0,0,0,0,0,0,0,0,0,0,0,0.0,0.0,0.0,19.0,19.0,19.0,19.0,23,23,23,1.0,1.0,1.0,1.0,0.0,0.0,0.0,1.0,1.0,1.0,1.0,0,0,0,0,0,0.0,0.0,0.0,0.0,0.0,0.0,0.0,0.0,0.0,0,0,0,0,0,0,0,0,0.0,0.0,0.0,0.0,0.0,0.0,0,0,0,0.0,0.0,0.0,0.0,0.0,0,0,0,0,0,0,1.0
Part 33,211,211,234.0,234.0,234.0,251.0,251.0,251.0,98.0,98.0,98.0,98.0,98.0,36.0,36.0,36.0,36.0,36.0,36.0,36.0,36.0,36.0,36.0,36.0,36.0,36.0,36.0,36.0,36.0,36.0,36.0,36.0,36.0,114.0,114.0,114.0,114.0,114.0,99.0,99.0,99.0,99.0,99.0,99.0,201,201,192.0,192.0,192.0,192.0,192.0,192.0,192.0,192.0,192.0,125,125,125,0,0,0,163,163,163,163,163,145.0,145.0,145.0,145.0,145.0,112.0,112.0,112.0,112.0,84.0,84.0,84.0,84.0,79,79,79,79,79,79,79,79,79,79,106.0,106.0,106.0,80.0,80.0,80.0,80.0,77,77,77,93.0,93.0,93.0,93.0,0.0,0.0,0.0,187.0,187.0,187.0,187.0,166,166,166,166,166,223.0,223.0,223.0,223.0,140.0,140.0,140.0,140.0,140.0,104,104,104,104,104,104,104,104,32.0,32.0,32.0,32.0,48.0,48.0,26,26,26,18.0,18.0,18.0,18.0,18.0,14,14,14,14,14,14,36.0
Part 34,8,8,24.0,24.0,24.0,26.0,26.0,26.0,8.0,8.0,8.0,8.0,8.0,2.0,2.0,2.0,2.0,2.0,2.0,2.0,2.0,2.0,2.0,2.0,2.0,2.0,2.0,2.0,2.0,2.0,2.0,2.0,2.0,47.0,47.0,47.0,47.0,47.0,149.0,149.0,149.0,149.0,149.0,149.0,231,231,136.0,136.0,136.0,136.0,136.0,136.0,136.0,136.0,136.0,74,74,74,0,0,0,57,57,57,57,57,44.0,44.0,44.0,44.0,44.0,53.0,53.0,53.0,53.0,51.0,51.0,51.0,51.0,53,53,53,53,53,53,53,53,53,53,111.0,111.0,111.0,93.0,93.0,93.0,93.0,55,55,55,16.0,16.0,16.0,16.0,0.0,0.0,0.0,37.0,37.0,37.0,37.0,91,91,91,91,91,76.0,76.0,76.0,76.0,56.0,56.0,56.0,56.0,56.0,98,98,98,98,98,98,98,98,48.0,48.0,48.0,48.0,34.0,34.0,43,43,43,39.0,39.0,39.0,39.0,39.0,46,46,46,46,46,46,127.0
Part 35,1,1,0.0,0.0,0.0,0.0,0.0,0.0,1.0,1.0,1.0,1.0,1.0,1.0,1.0,1.0,1.0,1.0,1.0,1.0,1.0,1.0,1.0,1.0,1.0,1.0,1.0,1.0,1.0,1.0,1.0,1.0,1.0,0.0,0.0,0.0,0.0,0.0,2.0,2.0,2.0,2.0,2.0,2.0,2,2,3.0,3.0,3.0,3.0,3.0,3.0,3.0,3.0,3.0,2,2,2,0,0,0,1,1,1,1,1,1.0,1.0,1.0,1.0,1.0,0.0,0.0,0.0,0.0,0.0,0.0,0.0,0.0,2,2,2,2,2,2,2,2,2,2,4.0,4.0,4.0,3.0,3.0,3.0,3.0,2,2,2,9.0,9.0,9.0,9.0,0.0,0.0,0.0,5.0,5.0,5.0,5.0,1,1,1,1,1,7.0,7.0,7.0,7.0,12.0,12.0,12.0,12.0,12.0,26,26,26,26,26,26,26,26,7.0,7.0,7.0,7.0,3.0,3.0,3,3,3,4.0,4.0,4.0,4.0,4.0,2,2,2,2,2,2,2.0
Part 36,0,0,0.0,0.0,0.0,0.0,0.0,0.0,0.0,0.0,0.0,0.0,0.0,0.0,0.0,0.0,0.0,0.0,0.0,0.0,0.0,0.0,0.0,0.0,0.0,0.0,0.0,0.0,0.0,0.0,0.0,0.0,0.0,0.0,0.0,0.0,0.0,0.0,0.0,0.0,0.0,0.0,0.0,0.0,0,0,23.0,23.0,23.0,23.0,23.0,23.0,23.0,23.0,23.0,7,7,7,0,0,0,2,2,2,2,2,2.0,2.0,2.0,2.0,2.0,2.0,2.0,2.0,2.0,2.0,2.0,2.0,2.0,2,2,2,2,2,2,2,2,2,2,2.0,2.0,2.0,1.0,1.0,1.0,1.0,1,1,1,1.0,1.0,1.0,1.0,0.0,0.0,0.0,17.0,17.0,17.0,17.0,30,30,30,30,30,34.0,34.0,34.0,34.0,42.0,42.0,42.0,42.0,42.0,27,27,27,27,27,27,27,27,18.0,18.0,18.0,18.0,12.0,12.0,13,13,13,6.0,6.0,6.0,6.0,6.0,1,1,1,1,1,1,1.0
Part 37,207,207,138.0,138.0,138.0,162.0,162.0,162.0,303.0,303.0,303.0,303.0,303.0,485.0,485.0,485.0,485.0,485.0,485.0,485.0,485.0,485.0,485.0,485.0,485.0,485.0,485.0,485.0,485.0,485.0,485.0,485.0,485.0,192.0,192.0,192.0,192.0,192.0,236.0,236.0,236.0,236.0,236.0,236.0,175,175,168.0,168.0,168.0,168.0,168.0,168.0,168.0,168.0,168.0,160,160,160,0,0,0,191,191,191,191,191,95.0,95.0,95.0,95.0,95.0,108.0,108.0,108.0,108.0,129.0,129.0,129.0,129.0,130,130,130,130,130,130,130,130,130,130,179.0,179.0,179.0,149.0,149.0,149.0,149.0,185,185,185,157.0,157.0,157.0,157.0,0.0,0.0,0.0,88.0,88.0,88.0,88.0,114,114,114,114,114,148.0,148.0,148.0,148.0,141.0,141.0,141.0,141.0,141.0,184,184,184,184,184,184,184,184,105.0,105.0,105.0,105.0,94.0,94.0,84,84,84,129.0,129.0,129.0,129.0,129.0,125,125,125,125,125,125,244.0
Part 38,96,96,51.0,51.0,51.0,38.0,38.0,38.0,108.0,108.0,108.0,108.0,108.0,126.0,126.0,126.0,126.0,126.0,126.0,126.0,126.0,126.0,126.0,126.0,126.0,126.0,126.0,126.0,126.0,126.0,126.0,126.0,126.0,93.0,93.0,93.0,93.0,93.0,129.0,129.0,129.0,129.0,129.0,129.0,159,159,146.0,146.0,146.0,146.0,146.0,146.0,146.0,146.0,146.0,125,125,125,0,0,0,133,133,133,133,133,93.0,93.0,93.0,93.0,93.0,94.0,94.0,94.0,94.0,119.0,119.0,119.0,119.0,107,107,107,107,107,107,107,107,107,107,100.0,100.0,100.0,116.0,116.0,116.0,116.0,87,87,87,114.0,114.0,114.0,114.0,0.0,0.0,0.0,79.0,79.0,79.0,79.0,84,84,84,84,84,44.0,44.0,44.0,44.0,66.0,66.0,66.0,66.0,66.0,89,89,89,89,89,89,89,89,31.0,31.0,31.0,31.0,43.0,43.0,43,43,43,32.0,32.0,32.0,32.0,32.0,37,37,37,37,37,37,207.0
Part 39,40,40,44.0,44.0,44.0,41.0,41.0,41.0,27.0,27.0,27.0,27.0,27.0,24.0,24.0,24.0,24.0,24.0,24.0,24.0,24.0,24.0,24.0,24.0,24.0,24.0,24.0,24.0,24.0,24.0,24.0,24.0,24.0,10.0,10.0,10.0,10.0,10.0,2.0,2.0,2.0,2.0,2.0,2.0,4,4,27.0,27.0,27.0,27.0,27.0,27.0,27.0,27.0,27.0,34,34,34,0,0,0,25,25,25,25,25,20.0,20.0,20.0,20.0,20.0,15.0,15.0,15.0,15.0,15.0,15.0,15.0,15.0,15,15,15,15,15,15,15,15,15,15,36.0,36.0,36.0,37.0,37.0,37.0,37.0,43,43,43,42.0,42.0,42.0,42.0,0.0,0.0,0.0,48.0,48.0,48.0,48.0,46,46,46,46,46,47.0,47.0,47.0,47.0,14.0,14.0,14.0,14.0,14.0,11,11,11,11,11,11,11,11,26.0,26.0,26.0,26.0,33.0,33.0,37,37,37,38.0,38.0,38.0,38.0,38.0,36,36,36,36,36,36,61.0
Part 4,187,187,212.0,212.0,212.0,247.0,247.0,247.0,248.0,248.0,248.0,248.0,248.0,209.0,209.0,209.0,209.0,209.0,209.0,209.0,209.0,209.0,209.0,209.0,209.0,209.0,209.0,209.0,209.0,209.0,209.0,209.0,209.0,118.0,118.0,118.0,118.0,118.0,87.0,87.0,87.0,87.0,87.0,87.0,126,126,195.0,195.0,195.0,195.0,195.0,195.0,195.0,195.0,195.0,295,295,295,0,0,0,230,230,230,230,230,182.0,182.0,182.0,182.0,182.0,167.0,167.0,167.0,167.0,154.0,154.0,154.0,154.0,134,134,134,134,134,134,134,134,134,134,239.0,239.0,239.0,261.0,261.0,261.0,261.0,236,236,236,308.0,308.0,308.0,308.0,303.0,303.0,303.0,285.0,285.0,285.0,285.0,258,258,258,258,258,280.0,280.0,280.0,280.0,239.0,239.0,239.0,239.0,239.0,209,209,209,209,209,209,209,209,307.0,307.0,307.0,307.0,228.0,228.0,367,367,367,300.0,300.0,300.0,300.0,300.0,296,296,296,296,296,296,202.0
Part 40,1,1,2.0,2.0,2.0,1.0,1.0,1.0,1.0,1.0,1.0,1.0,1.0,1.0,1.0,1.0,1.0,1.0,1.0,1.0,1.0,1.0,1.0,1.0,1.0,1.0,1.0,1.0,1.0,1.0,1.0,1.0,1.0,4.0,4.0,4.0,4.0,4.0,1.0,1.0,1.0,1.0,1.0,1.0,2,2,1.0,1.0,1.0,1.0,1.0,1.0,1.0,1.0,1.0,0,0,0,0,0,0,0,0,0,0,0,0.0,0.0,0.0,0.0,0.0,0.0,0.0,0.0,0.0,0.0,0.0,0.0,0.0,0,0,0,0,0,0,0,0,0,0,0.0,0.0,0.0,0.0,0.0,0.0,0.0,1,1,1,3.0,3.0,3.0,3.0,0.0,0.0,0.0,15.0,15.0,15.0,15.0,19,19,19,19,19,7.0,7.0,7.0,7.0,1.0,1.0,1.0,1.0,1.0,0,0,0,0,0,0,0,0,0.0,0.0,0.0,0.0,0.0,0.0,0,0,0,0.0,0.0,0.0,0.0,0.0,0,0,0,0,0,0,1.0
Part 41,63,63,65.0,65.0,65.0,59.0,59.0,59.0,54.0,54.0,54.0,54.0,54.0,32.0,32.0,32.0,32.0,32.0,32.0,32.0,32.0,32.0,32.0,32.0,32.0,32.0,32.0,32.0,32.0,32.0,32.0,32.0,32.0,22.0,22.0,22.0,22.0,22.0,2.0,2.0,2.0,2.0,2.0,2.0,2,2,43.0,43.0,43.0,43.0,43.0,43.0,43.0,43.0,43.0,59,59,59,0,0,0,46,46,46,46,46,26.0,26.0,26.0,26.0,26.0,16.0,16.0,16.0,16.0,13.0,13.0,13.0,13.0,22,22,22,22,22,22,22,22,22,22,55.0,55.0,55.0,53.0,53.0,53.0,53.0,53,53,53,61.0,61.0,61.0,61.0,0.0,0.0,0.0,63.0,63.0,63.0,63.0,45,45,45,45,45,53.0,53.0,53.0,53.0,18.0,18.0,18.0,18.0,18.0,13,13,13,13,13,13,13,13,30.0,30.0,30.0,30.0,26.0,26.0,35,35,35,38.0,38.0,38.0,38.0,38.0,39,39,39,39,39,39,61.0
Part 42,1,1,2.0,2.0,2.0,1.0,1.0,1.0,4.0,4.0,4.0,4.0,4.0,7.0,7.0,7.0,7.0,7.0,7.0,7.0,7.0,7.0,7.0,7.0,7.0,7.0,7.0,7.0,7.0,7.0,7.0,7.0,7.0,5.0,5.0,5.0,5.0,5.0,6.0,6.0,6.0,6.0,6.0,6.0,1,1,0.0,0.0,0.0,0.0,0.0,0.0,0.0,0.0,0.0,14,14,14,0,0,0,13,13,13,13,13,7.0,7.0,7.0,7.0,7.0,8.0,8.0,8.0,8.0,6.0,6.0,6.0,6.0,5,5,5,5,5,5,5,5,5,5,8.0,8.0,8.0,9.0,9.0,9.0,9.0,16,16,16,17.0,17.0,17.0,17.0,0.0,0.0,0.0,11.0,11.0,11.0,11.0,19,19,19,19,19,8.0,8.0,8.0,8.0,6.0,6.0,6.0,6.0,6.0,3,3,3,3,3,3,3,3,6.0,6.0,6.0,6.0,7.0,7.0,8,8,8,4.0,4.0,4.0,4.0,4.0,13,13,13,13,13,13,32.0
Part 43,14,14,4.0,4.0,4.0,4.0,4.0,4.0,3.0,3.0,3.0,3.0,3.0,11.0,11.0,11.0,11.0,11.0,11.0,11.0,11.0,11.0,11.0,11.0,11.0,11.0,11.0,11.0,11.0,11.0,11.0,11.0,11.0,16.0,16.0,16.0,16.0,16.0,3.0,3.0,3.0,3.0,3.0,3.0,17,17,134.0,134.0,134.0,134.0,134.0,134.0,134.0,134.0,134.0,130,130,130,0,0,0,20,20,20,20,20,5.0,5.0,5.0,5.0,5.0,2.0,2.0,2.0,2.0,1.0,1.0,1.0,1.0,1,1,1,1,1,1,1,1,1,1,1.0,1.0,1.0,0.0,0.0,0.0,0.0,0,0,0,0.0,0.0,0.0,0.0,0.0,0.0,0.0,0.0,0.0,0.0,0.0,0,0,0,0,0,0.0,0.0,0.0,0.0,0.0,0.0,0.0,0.0,0.0,0,0,0,0,0,0,0,0,0.0,0.0,0.0,0.0,23.0,23.0,30,30,30,6.0,6.0,6.0,6.0,6.0,5,5,5,5,5,5,0.0
Part 44,0,0,0.0,0.0,0.0,0.0,0.0,0.0,0.0,0.0,0.0,0.0,0.0,7.0,7.0,7.0,7.0,7.0,7.0,7.0,7.0,7.0,7.0,7.0,7.0,7.0,7.0,7.0,7.0,7.0,7.0,7.0,7.0,0.0,0.0,0.0,0.0,0.0,0.0,0.0,0.0,0.0,0.0,0.0,5,5,16.0,16.0,16.0,16.0,16.0,16.0,16.0,16.0,16.0,21,21,21,0,0,0,0,0,0,0,0,0.0,0.0,0.0,0.0,0.0,0.0,0.0,0.0,0.0,0.0,0.0,0.0,0.0,0,0,0,0,0,0,0,0,0,0,0.0,0.0,0.0,0.0,0.0,0.0,0.0,0,0,0,0.0,0.0,0.0,0.0,0.0,0.0,0.0,0.0,0.0,0.0,0.0,0,0,0,0,0,0.0,0.0,0.0,0.0,5.0,5.0,5.0,5.0,5.0,15,15,15,15,15,15,15,15,11.0,11.0,11.0,11.0,6.0,6.0,11,11,11,1.0,1.0,1.0,1.0,1.0,0,0,0,0,0,0,0.0
Part 45,0,0,0.0,0.0,0.0,0.0,0.0,0.0,0.0,0.0,0.0,0.0,0.0,1.0,1.0,1.0,1.0,1.0,1.0,1.0,1.0,1.0,1.0,1.0,1.0,1.0,1.0,1.0,1.0,1.0,1.0,1.0,1.0,0.0,0.0,0.0,0.0,0.0,0.0,0.0,0.0,0.0,0.0,0.0,0,0,0.0,0.0,0.0,0.0,0.0,0.0,0.0,0.0,0.0,0,0,0,0,0,0,0,0,0,0,0,0.0,0.0,0.0,0.0,0.0,0.0,0.0,0.0,0.0,0.0,0.0,0.0,0.0,0,0,0,0,0,0,0,0,0,0,0.0,0.0,0.0,0.0,0.0,0.0,0.0,0,0,0,0.0,0.0,0.0,0.0,0.0,0.0,0.0,0.0,0.0,0.0,0.0,0,0,0,0,0,0.0,0.0,0.0,0.0,0.0,0.0,0.0,0.0,0.0,0,0,0,0,0,0,0,0,0.0,0.0,0.0,0.0,0.0,0.0,0,0,0,0.0,0.0,0.0,0.0,0.0,0,0,0,0,0,0,0.0
Part 46,0,0,0.0,0.0,0.0,0.0,0.0,0.0,0.0,0.0,0.0,0.0,0.0,7.0,7.0,7.0,7.0,7.0,7.0,7.0,7.0,7.0,7.0,7.0,7.0,7.0,7.0,7.0,7.0,7.0,7.0,7.0,7.0,22.0,22.0,22.0,22.0,22.0,5.0,5.0,5.0,5.0,5.0,5.0,6,6,22.0,22.0,22.0,22.0,22.0,22.0,22.0,22.0,22.0,15,15,15,0,0,0,11,11,11,11,11,7.0,7.0,7.0,7.0,7.0,5.0,5.0,5.0,5.0,3.0,3.0,3.0,3.0,2,2,2,2,2,2,2,2,2,2,0.0,0.0,0.0,3.0,3.0,3.0,3.0,6,6,6,1.0,1.0,1.0,1.0,0.0,0.0,0.0,1.0,1.0,1.0,1.0,0,0,0,0,0,0.0,0.0,0.0,0.0,0.0,0.0,0.0,0.0,0.0,0,0,0,0,0,0,0,0,1.0,1.0,1.0,1.0,1.0,1.0,0,0,0,0.0,0.0,0.0,0.0,0.0,1,1,1,1,1,1,0.0
Part 47,21,21,17.0,17.0,17.0,22.0,22.0,22.0,20.0,20.0,20.0,20.0,20.0,5.0,5.0,5.0,5.0,5.0,5.0,5.0,5.0,5.0,5.0,5.0,5.0,5.0,5.0,5.0,5.0,5.0,5.0,5.0,5.0,1.0,1.0,1.0,1.0,1.0,1.0,1.0,1.0,1.0,1.0,1.0,0,0,0.0,0.0,0.0,0.0,0.0,0.0,0.0,0.0,0.0,1,1,1,0,0,0,8,8,8,8,8,4.0,4.0,4.0,4.0,4.0,8.0,8.0,8.0,8.0,3.0,3.0,3.0,3.0,14,14,14,14,14,14,14,14,14,14,26.0,26.0,26.0,15.0,15.0,15.0,15.0,6,6,6,15.0,15.0,15.0,15.0,0.0,0.0,0.0,31.0,31.0,31.0,31.0,42,42,42,42,42,41.0,41.0,41.0,41.0,28.0,28.0,28.0,28.0,28.0,23,23,23,23,23,23,23,23,23.0,23.0,23.0,23.0,8.0,8.0,12,12,12,22.0,22.0,22.0,22.0,22.0,17,17,17,17,17,17,15.0
Part 48,3,3,19.0,19.0,19.0,5.0,5.0,5.0,1.0,1.0,1.0,1.0,1.0,1.0,1.0,1.0,1.0,1.0,1.0,1.0,1.0,1.0,1.0,1.0,1.0,1.0,1.0,1.0,1.0,1.0,1.0,1.0,1.0,1.0,1.0,1.0,1.0,1.0,1.0,1.0,1.0,1.0,1.0,1.0,3,3,3.0,3.0,3.0,3.0,3.0,3.0,3.0,3.0,3.0,2,2,2,0,0,0,10,10,10,10,10,8.0,8.0,8.0,8.0,8.0,13.0,13.0,13.0,13.0,15.0,15.0,15.0,15.0,12,12,12,12,12,12,12,12,12,12,7.0,7.0,7.0,0.0,0.0,0.0,0.0,1,1,1,1.0,1.0,1.0,1.0,0.0,0.0,0.0,0.0,0.0,0.0,0.0,0,0,0,0,0,0.0,0.0,0.0,0.0,0.0,0.0,0.0,0.0,0.0,0,0,0,0,0,0,0,0,15.0,15.0,15.0,15.0,19.0,19.0,23,23,23,34.0,34.0,34.0,34.0,34.0,24,24,24,24,24,24,4.0
Part 49,0,0,0.0,0.0,0.0,0.0,0.0,0.0,0.0,0.0,0.0,0.0,0.0,0.0,0.0,0.0,0.0,0.0,0.0,0.0,0.0,0.0,0.0,0.0,0.0,0.0,0.0,0.0,0.0,0.0,0.0,0.0,0.0,0.0,0.0,0.0,0.0,0.0,0.0,0.0,0.0,0.0,0.0,0.0,0,0,0.0,0.0,0.0,0.0,0.0,0.0,0.0,0.0,0.0,0,0,0,0,0,0,15,15,15,15,15,12.0,12.0,12.0,12.0,12.0,5.0,5.0,5.0,5.0,3.0,3.0,3.0,3.0,2,2,2,2,2,2,2,2,2,2,24.0,24.0,24.0,27.0,27.0,27.0,27.0,21,21,21,21.0,21.0,21.0,21.0,0.0,0.0,0.0,29.0,29.0,29.0,29.0,37,37,37,37,37,19.0,19.0,19.0,19.0,0.0,0.0,0.0,0.0,0.0,8,8,8,8,8,8,8,8,23.0,23.0,23.0,23.0,16.0,16.0,6,6,6,10.0,10.0,10.0,10.0,10.0,2,2,2,2,2,2,1.0
Part 5,1,1,14.0,14.0,14.0,15.0,15.0,15.0,3.0,3.0,3.0,3.0,3.0,19.0,19.0,19.0,19.0,19.0,19.0,19.0,19.0,19.0,19.0,19.0,19.0,19.0,19.0,19.0,19.0,19.0,19.0,19.0,19.0,116.0,116.0,116.0,116.0,116.0,102.0,102.0,102.0,102.0,102.0,102.0,47,47,18.0,18.0,18.0,18.0,18.0,18.0,18.0,18.0,18.0,47,47,47,0,0,0,121,121,121,121,121,122.0,122.0,122.0,122.0,122.0,90.0,90.0,90.0,90.0,119.0,119.0,119.0,119.0,103,103,103,103,103,103,103,103,103,103,97.0,97.0,97.0,142.0,142.0,142.0,142.0,146,146,146,66.0,66.0,66.0,66.0,70.0,70.0,70.0,109.0,109.0,109.0,109.0,81,81,81,81,81,60.0,60.0,60.0,60.0,26.0,26.0,26.0,26.0,26.0,23,23,23,23,23,23,23,23,8.0,8.0,8.0,8.0,21.0,21.0,28,28,28,14.0,14.0,14.0,14.0,14.0,54,54,54,54,54,54,48.0
Part 50,108,108,104.0,104.0,104.0,58.0,58.0,58.0,14.0,14.0,14.0,14.0,14.0,34.0,34.0,34.0,34.0,34.0,34.0,34.0,34.0,34.0,34.0,34.0,34.0,34.0,34.0,34.0,34.0,34.0,34.0,34.0,34.0,43.0,43.0,43.0,43.0,43.0,3.0,3.0,3.0,3.0,3.0,3.0,5,5,9.0,9.0,9.0,9.0,9.0,9.0,9.0,9.0,9.0,23,23,23,0,0,0,42,42,42,42,42,36.0,36.0,36.0,36.0,36.0,63.0,63.0,63.0,63.0,38.0,38.0,38.0,38.0,48,48,48,48,48,48,48,48,48,48,100.0,100.0,100.0,81.0,81.0,81.0,81.0,95,95,95,61.0,61.0,61.0,61.0,0.0,0.0,0.0,39.0,39.0,39.0,39.0,77,77,77,77,77,76.0,76.0,76.0,76.0,36.0,36.0,36.0,36.0,36.0,87,87,87,87,87,87,87,87,95.0,95.0,95.0,95.0,71.0,71.0,92,92,92,67.0,67.0,67.0,67.0,67.0,32,32,32,32,32,32,61.0
Part 51,58,58,65.0,65.0,65.0,81.0,81.0,81.0,68.0,68.0,68.0,68.0,68.0,91.0,91.0,91.0,91.0,91.0,91.0,91.0,91.0,91.0,91.0,91.0,91.0,91.0,91.0,91.0,91.0,91.0,91.0,91.0,91.0,39.0,39.0,39.0,39.0,39.0,29.0,29.0,29.0,29.0,29.0,29.0,22,22,57.0,57.0,57.0,57.0,57.0,57.0,57.0,57.0,57.0,60,60,60,0,0,0,72,72,72,72,72,54.0,54.0,54.0,54.0,54.0,60.0,60.0,60.0,60.0,66.0,66.0,66.0,66.0,85,85,85,85,85,85,85,85,85,85,120.0,120.0,120.0,102.0,102.0,102.0,102.0,92,92,92,95.0,95.0,95.0,95.0,0.0,0.0,0.0,100.0,100.0,100.0,100.0,97,97,97,97,97,78.0,78.0,78.0,78.0,57.0,57.0,57.0,57.0,57.0,68,68,68,68,68,68,68,68,60.0,60.0,60.0,60.0,109.0,109.0,118,118,118,109.0,109.0,109.0,109.0,109.0,97,97,97,97,97,97,77.0
Part 52,0,0,0.0,0.0,0.0,0.0,0.0,0.0,14.0,14.0,14.0,14.0,14.0,6.0,6.0,6.0,6.0,6.0,6.0,6.0,6.0,6.0,6.0,6.0,6.0,6.0,6.0,6.0,6.0,6.0,6.0,6.0,6.0,17.0,17.0,17.0,17.0,17.0,21.0,21.0,21.0,21.0,21.0,21.0,8,8,0.0,0.0,0.0,0.0,0.0,0.0,0.0,0.0,0.0,11,11,11,0,0,0,30,30,30,30,30,13.0,13.0,13.0,13.0,13.0,9.0,9.0,9.0,9.0,9.0,9.0,9.0,9.0,9,9,9,9,9,9,9,9,9,9,22.0,22.0,22.0,9.0,9.0,9.0,9.0,9,9,9,21.0,21.0,21.0,21.0,0.0,0.0,0.0,15.0,15.0,15.0,15.0,10,10,10,10,10,4.0,4.0,4.0,4.0,0.0,0.0,0.0,0.0,0.0,0,0,0,0,0,0,0,0,0.0,0.0,0.0,0.0,0.0,0.0,0,0,0,0.0,0.0,0.0,0.0,0.0,0,0,0,0,0,0,0.0
Part 53,70,70,74.0,74.0,74.0,48.0,48.0,48.0,119.0,119.0,119.0,119.0,119.0,66.0,66.0,66.0,66.0,66.0,66.0,66.0,66.0,66.0,66.0,66.0,66.0,66.0,66.0,66.0,66.0,66.0,66.0,66.0,66.0,10.0,10.0,10.0,10.0,10.0,10.0,10.0,10.0,10.0,10.0,10.0,30,30,93.0,93.0,93.0,93.0,93.0,93.0,93.0,93.0,93.0,83,83,83,0,0,0,164,164,164,164,164,93.0,93.0,93.0,93.0,93.0,56.0,56.0,56.0,56.0,60.0,60.0,60.0,60.0,68,68,68,68,68,68,68,68,68,68,125.0,125.0,125.0,103.0,103.0,103.0,103.0,83,83,83,109.0,109.0,109.0,109.0,0.0,0.0,0.0,114.0,114.0,114.0,114.0,71,71,71,71,71,135.0,135.0,135.0,135.0,195.0,195.0,195.0,195.0,195.0,143,143,143,143,143,143,143,143,99.0,99.0,99.0,99.0,90.0,90.0,96,96,96,134.0,134.0,134.0,134.0,134.0,127,127,127,127,127,127,60.0
Part 54,76,76,82.0,82.0,82.0,73.0,73.0,73.0,88.0,88.0,88.0,88.0,88.0,51.0,51.0,51.0,51.0,51.0,51.0,51.0,51.0,51.0,51.0,51.0,51.0,51.0,51.0,51.0,51.0,51.0,51.0,51.0,51.0,135.0,135.0,135.0,135.0,135.0,165.0,165.0,165.0,165.0,165.0,165.0,115,115,82.0,82.0,82.0,82.0,82.0,82.0,82.0,82.0,82.0,129,129,129,0,0,0,97,97,97,97,97,52.0,52.0,52.0,52.0,52.0,109.0,109.0,109.0,109.0,122.0,122.0,122.0,122.0,119,119,119,119,119,119,119,119,119,119,123.0,123.0,123.0,52.0,52.0,52.0,52.0,70,70,70,118.0,118.0,118.0,118.0,0.0,0.0,0.0,165.0,165.0,165.0,165.0,165,165,165,165,165,213.0,213.0,213.0,213.0,178.0,178.0,178.0,178.0,178.0,145,145,145,145,145,145,145,145,22.0,22.0,22.0,22.0,15.0,15.0,9,9,9,9.0,9.0,9.0,9.0,9.0,30,30,30,30,30,30,109.0
Part 55,1,1,1.0,1.0,1.0,1.0,1.0,1.0,0.0,0.0,0.0,0.0,0.0,0.0,0.0,0.0,0.0,0.0,0.0,0.0,0.0,0.0,0.0,0.0,0.0,0.0,0.0,0.0,0.0,0.0,0.0,0.0,0.0,0.0,0.0,0.0,0.0,0.0,0.0,0.0,0.0,0.0,0.0,0.0,0,0,17.0,17.0,17.0,17.0,17.0,17.0,17.0,17.0,17.0,21,21,21,0,0,0,29,29,29,29,29,21.0,21.0,21.0,21.0,21.0,18.0,18.0,18.0,18.0,8.0,8.0,8.0,8.0,8,8,8,8,8,8,8,8,8,8,17.0,17.0,17.0,14.0,14.0,14.0,14.0,1,1,1,1.0,1.0,1.0,1.0,0.0,0.0,0.0,1.0,1.0,1.0,1.0,7,7,7,7,7,1.0,1.0,1.0,1.0,0.0,0.0,0.0,0.0,0.0,4,4,4,4,4,4,4,4,10.0,10.0,10.0,10.0,3.0,3.0,3,3,3,3.0,3.0,3.0,3.0,3.0,4,4,4,4,4,4,5.0
Part 56,261,261,231.0,231.0,231.0,196.0,196.0,196.0,200.0,200.0,200.0,200.0,200.0,228.0,228.0,228.0,228.0,228.0,228.0,228.0,228.0,228.0,228.0,228.0,228.0,228.0,228.0,228.0,228.0,228.0,228.0,228.0,228.0,215.0,215.0,215.0,215.0,215.0,183.0,183.0,183.0,183.0,183.0,183.0,243,243,246.0,246.0,246.0,246.0,246.0,246.0,246.0,246.0,246.0,187,187,187,0,0,0,189,189,189,189,189,127.0,127.0,127.0,127.0,127.0,114.0,114.0,114.0,114.0,93.0,93.0,93.0,93.0,82,82,82,82,82,82,82,82,82,82,154.0,154.0,154.0,215.0,215.0,215.0,215.0,218,218,218,231.0,231.0,231.0,231.0,0.0,0.0,0.0,183.0,183.0,183.0,183.0,166,166,166,166,166,147.0,147.0,147.0,147.0,156.0,156.0,156.0,156.0,156.0,192,192,192,192,192,192,192,192,143.0,143.0,143.0,143.0,182.0,182.0,186,186,186,187.0,187.0,187.0,187.0,187.0,152,152,152,152,152,152,214.0
Part 57,15,15,10.0,10.0,10.0,3.0,3.0,3.0,1.0,1.0,1.0,1.0,1.0,1.0,1.0,1.0,1.0,1.0,1.0,1.0,1.0,1.0,1.0,1.0,1.0,1.0,1.0,1.0,1.0,1.0,1.0,1.0,1.0,1.0,1.0,1.0,1.0,1.0,1.0,1.0,1.0,1.0,1.0,1.0,1,1,20.0,20.0,20.0,20.0,20.0,20.0,20.0,20.0,20.0,39,39,39,0,0,0,24,24,24,24,24,19.0,19.0,19.0,19.0,19.0,18.0,18.0,18.0,18.0,25.0,25.0,25.0,25.0,34,34,34,34,34,34,34,34,34,34,56.0,56.0,56.0,27.0,27.0,27.0,27.0,11,11,11,4.0,4.0,4.0,4.0,0.0,0.0,0.0,19.0,19.0,19.0,19.0,6,6,6,6,6,18.0,18.0,18.0,18.0,11.0,11.0,11.0,11.0,11.0,8,8,8,8,8,8,8,8,13.0,13.0,13.0,13.0,27.0,27.0,22,22,22,33.0,33.0,33.0,33.0,33.0,19,19,19,19,19,19,9.0
Part 58,38,38,58.0,58.0,58.0,34.0,34.0,34.0,48.0,48.0,48.0,48.0,48.0,54.0,54.0,54.0,54.0,54.0,54.0,54.0,54.0,54.0,54.0,54.0,54.0,54.0,54.0,54.0,54.0,54.0,54.0,54.0,54.0,39.0,39.0,39.0,39.0,39.0,35.0,35.0,35.0,35.0,35.0,35.0,58,58,76.0,76.0,76.0,76.0,76.0,76.0,76.0,76.0,76.0,47,47,47,0,0,0,63,63,63,63,63,48.0,48.0,48.0,48.0,48.0,20.0,20.0,20.0,20.0,30.0,30.0,30.0,30.0,17,17,17,17,17,17,17,17,17,17,67.0,67.0,67.0,63.0,63.0,63.0,63.0,69,69,69,28.0,28.0,28.0,28.0,0.0,0.0,0.0,22.0,22.0,22.0,22.0,24,24,24,24,24,22.0,22.0,22.0,22.0,26.0,26.0,26.0,26.0,26.0,34,34,34,34,34,34,34,34,12.0,12.0,12.0,12.0,53.0,53.0,53,53,53,44.0,44.0,44.0,44.0,44.0,47,47,47,47,47,47,67.0
Part 59,31,31,38.0,38.0,38.0,94.0,94.0,94.0,48.0,48.0,48.0,48.0,48.0,50.0,50.0,50.0,50.0,50.0,50.0,50.0,50.0,50.0,50.0,50.0,50.0,50.0,50.0,50.0,50.0,50.0,50.0,50.0,50.0,14.0,14.0,14.0,14.0,14.0,38.0,38.0,38.0,38.0,38.0,38.0,66,66,41.0,41.0,41.0,41.0,41.0,41.0,41.0,41.0,41.0,29,29,29,0,0,0,27,27,27,27,27,12.0,12.0,12.0,12.0,12.0,11.0,11.0,11.0,11.0,3.0,3.0,3.0,3.0,4,4,4,4,4,4,4,4,4,4,15.0,15.0,15.0,22.0,22.0,22.0,22.0,24,24,24,29.0,29.0,29.0,29.0,0.0,0.0,0.0,25.0,25.0,25.0,25.0,26,26,26,26,26,25.0,25.0,25.0,25.0,30.0,30.0,30.0,30.0,30.0,25,25,25,25,25,25,25,25,29.0,29.0,29.0,29.0,26.0,26.0,40,40,40,47.0,47.0,47.0,47.0,47.0,42,42,42,42,42,42,48.0
Part 6,108,108,106.0,106.0,106.0,113.0,113.0,113.0,109.0,109.0,109.0,109.0,109.0,117.0,117.0,117.0,117.0,117.0,117.0,117.0,117.0,117.0,117.0,117.0,117.0,117.0,117.0,117.0,117.0,117.0,117.0,117.0,117.0,141.0,141.0,141.0,141.0,141.0,133.0,133.0,133.0,133.0,133.0,133.0,135,135,119.0,119.0,119.0,119.0,119.0,119.0,119.0,119.0,119.0,113,113,113,0,0,0,111,111,111,111,111,114.0,114.0,114.0,114.0,114.0,119.0,119.0,119.0,119.0,119.0,119.0,119.0,119.0,115,115,115,115,115,115,115,115,115,115,96.0,96.0,96.0,96.0,96.0,96.0,96.0,107,107,107,122.0,122.0,122.0,122.0,116.0,116.0,116.0,104.0,104.0,104.0,104.0,97,97,97,97,97,100.0,100.0,100.0,100.0,102.0,102.0,102.0,102.0,102.0,109,109,109,109,109,109,109,109,103.0,103.0,103.0,103.0,90.0,90.0,110,110,110,104.0,104.0,104.0,104.0,104.0,96,96,96,96,96,96,99.0
Part 60,898,898,932.0,932.0,932.0,961.0,961.0,961.0,1043.0,1043.0,1043.0,1043.0,1043.0,1124.0,1124.0,1124.0,1124.0,1124.0,1124.0,1124.0,1124.0,1124.0,1124.0,1124.0,1124.0,1124.0,1124.0,1124.0,1124.0,1124.0,1124.0,1124.0,1124.0,1004.0,1004.0,1004.0,1004.0,1004.0,1086.0,1086.0,1086.0,1086.0,1086.0,1086.0,1131,1131,1013.0,1013.0,1013.0,1013.0,1013.0,1013.0,1013.0,1013.0,1013.0,855,855,855,0,0,0,860,860,860,860,860,590.0,590.0,590.0,590.0,590.0,656.0,656.0,656.0,656.0,689.0,689.0,689.0,689.0,636,636,636,636,636,636,636,636,636,636,929.0,929.0,929.0,828.0,828.0,828.0,828.0,784,784,784,759.0,759.0,759.0,759.0,0.0,0.0,0.0,798.0,798.0,798.0,798.0,729,729,729,729,729,763.0,763.0,763.0,763.0,743.0,743.0,743.0,743.0,743.0,732,732,732,732,732,732,732,732,329.0,329.0,329.0,329.0,355.0,355.0,372,372,372,357.0,357.0,357.0,357.0,357.0,456,456,456,456,456,456,938.0
Part 61,65,65,67.0,67.0,67.0,60.0,60.0,60.0,59.0,59.0,59.0,59.0,59.0,40.0,40.0,40.0,40.0,40.0,40.0,40.0,40.0,40.0,40.0,40.0,40.0,40.0,40.0,40.0,40.0,40.0,40.0,40.0,40.0,27.0,27.0,27.0,27.0,27.0,9.0,9.0,9.0,9.0,9.0,9.0,3,3,43.0,43.0,43.0,43.0,43.0,43.0,43.0,43.0,43.0,74,74,74,0,0,0,72,72,72,72,72,44.0,44.0,44.0,44.0,44.0,29.0,29.0,29.0,29.0,23.0,23.0,23.0,23.0,28,28,28,28,28,28,28,28,28,28,71.0,71.0,71.0,71.0,71.0,71.0,71.0,79,79,79,88.0,88.0,88.0,88.0,0.0,0.0,0.0,81.0,81.0,81.0,81.0,74,74,74,74,74,65.0,65.0,65.0,65.0,26.0,26.0,26.0,26.0,26.0,18,18,18,18,18,18,18,18,40.0,40.0,40.0,40.0,39.0,39.0,50,50,50,51.0,51.0,51.0,51.0,51.0,60,60,60,60,60,60,110.0
Part 62,90,90,73.0,73.0,73.0,71.0,71.0,71.0,32.0,32.0,32.0,32.0,32.0,10.0,10.0,10.0,10.0,10.0,10.0,10.0,10.0,10.0,10.0,10.0,10.0,10.0,10.0,10.0,10.0,10.0,10.0,10.0,10.0,16.0,16.0,16.0,16.0,16.0,16.0,16.0,16.0,16.0,16.0,16.0,8,8,8.0,8.0,8.0,8.0,8.0,8.0,8.0,8.0,8.0,0,0,0,0,0,0,0,0,0,0,0,0.0,0.0,0.0,0.0,0.0,0.0,0.0,0.0,0.0,22.0,22.0,22.0,22.0,90,90,90,90,90,90,90,90,90,90,166.0,166.0,166.0,142.0,142.0,142.0,142.0,145,145,145,136.0,136.0,136.0,136.0,0.0,0.0,0.0,146.0,146.0,146.0,146.0,141,141,141,141,141,156.0,156.0,156.0,156.0,144.0,144.0,144.0,144.0,144.0,155,155,155,155,155,155,155,155,145.0,145.0,145.0,145.0,163.0,163.0,166,166,166,164.0,164.0,164.0,164.0,164.0,170,170,170,170,170,170,100.0
Part 63,216,216,218.0,218.0,218.0,137.0,137.0,137.0,157.0,157.0,157.0,157.0,157.0,132.0,132.0,132.0,132.0,132.0,132.0,132.0,132.0,132.0,132.0,132.0,132.0,132.0,132.0,132.0,132.0,132.0,132.0,132.0,132.0,93.0,93.0,93.0,93.0,93.0,23.0,23.0,23.0,23.0,23.0,23.0,66,66,277.0,277.0,277.0,277.0,277.0,277.0,277.0,277.0,277.0,275,275,275,0,0,0,270,270,270,270,270,165.0,165.0,165.0,165.0,165.0,152.0,152.0,152.0,152.0,123.0,123.0,123.0,123.0,147,147,147,147,147,147,147,147,147,147,283.0,283.0,283.0,229.0,229.0,229.0,229.0,219,219,219,213.0,213.0,213.0,213.0,0.0,0.0,0.0,215.0,215.0,215.0,215.0,227,227,227,227,227,271.0,271.0,271.0,271.0,264.0,264.0,264.0,264.0,264.0,276,276,276,276,276,276,276,276,267.0,267.0,267.0,267.0,234.0,234.0,270,270,270,274.0,274.0,274.0,274.0,274.0,208,208,208,208,208,208,141.0
Part 64,16,16,23.0,23.0,23.0,48.0,48.0,48.0,37.0,37.0,37.0,37.0,37.0,37.0,37.0,37.0,37.0,37.0,37.0,37.0,37.0,37.0,37.0,37.0,37.0,37.0,37.0,37.0,37.0,37.0,37.0,37.0,37.0,10.0,10.0,10.0,10.0,10.0,6.0,6.0,6.0,6.0,6.0,6.0,6,6,4.0,4.0,4.0,4.0,4.0,4.0,4.0,4.0,4.0,5,5,5,0,0,0,34,34,34,34,34,29.0,29.0,29.0,29.0,29.0,38.0,38.0,38.0,38.0,35.0,35.0,35.0,35.0,40,40,40,40,40,40,40,40,40,40,73.0,73.0,73.0,53.0,53.0,53.0,53.0,47,47,47,48.0,48.0,48.0,48.0,0.0,0.0,0.0,51.0,51.0,51.0,51.0,45,45,45,45,45,25.0,25.0,25.0,25.0,19.0,19.0,19.0,19.0,19.0,52,52,52,52,52,52,52,52,45.0,45.0,45.0,45.0,56.0,56.0,63,63,63,51.0,51.0,51.0,51.0,51.0,53,53,53,53,53,53,46.0
Part 65,422,422,420.0,420.0,420.0,401.0,401.0,401.0,385.0,385.0,385.0,385.0,385.0,384.0,384.0,384.0,384.0,384.0,384.0,384.0,384.0,384.0,384.0,384.0,384.0,384.0,384.0,384.0,384.0,384.0,384.0,384.0,384.0,404.0,404.0,404.0,404.0,404.0,422.0,422.0,422.0,422.0,422.0,422.0,483,483,482.0,482.0,482.0,482.0,482.0,482.0,482.0,482.0,482.0,452,452,452,0,0,0,429,429,429,429,429,279.0,279.0,279.0,279.0,279.0,290.0,290.0,290.0,290.0,281.0,281.0,281.0,281.0,264,264,264,264,264,264,264,264,264,264,432.0,432.0,432.0,393.0,393.0,393.0,393.0,393,393,393,411.0,411.0,411.0,411.0,0.0,0.0,0.0,415.0,415.0,415.0,415.0,394,394,394,394,394,426.0,426.0,426.0,426.0,401.0,401.0,401.0,401.0,401.0,408,408,408,408,408,408,408,408,229.0,229.0,229.0,229.0,306.0,306.0,313,313,313,323.0,323.0,323.0,323.0,323.0,294,294,294,294,294,294,452.0
Part 66,898,898,932.0,932.0,932.0,961.0,961.0,961.0,1043.0,1043.0,1043.0,1043.0,1043.0,1124.0,1124.0,1124.0,1124.0,1124.0,1124.0,1124.0,1124.0,1124.0,1124.0,1124.0,1124.0,1124.0,1124.0,1124.0,1124.0,1124.0,1124.0,1124.0,1124.0,1004.0,1004.0,1004.0,1004.0,1004.0,1086.0,1086.0,1086.0,1086.0,1086.0,1086.0,1131,1131,1013.0,1013.0,1013.0,1013.0,1013.0,1013.0,1013.0,1013.0,1013.0,855,855,855,0,0,0,860,860,860,860,860,590.0,590.0,590.0,590.0,590.0,656.0,656.0,656.0,656.0,689.0,689.0,689.0,689.0,636,636,636,636,636,636,636,636,636,636,929.0,929.0,929.0,828.0,828.0,828.0,828.0,784,784,784,759.0,759.0,759.0,759.0,0.0,0.0,0.0,798.0,798.0,798.0,798.0,729,729,729,729,729,763.0,763.0,763.0,763.0,743.0,743.0,743.0,743.0,743.0,732,732,732,732,732,732,732,732,329.0,329.0,329.0,329.0,355.0,355.0,372,372,372,357.0,357.0,357.0,357.0,357.0,456,456,456,456,456,456,938.0
Part 67,65,65,67.0,67.0,67.0,60.0,60.0,60.0,59.0,59.0,59.0,59.0,59.0,40.0,40.0,40.0,40.0,40.0,40.0,40.0,40.0,40.0,40.0,40.0,40.0,40.0,40.0,40.0,40.0,40.0,40.0,40.0,40.0,27.0,27.0,27.0,27.0,27.0,9.0,9.0,9.0,9.0,9.0,9.0,3,3,43.0,43.0,43.0,43.0,43.0,43.0,43.0,43.0,43.0,74,74,74,0,0,0,72,72,72,72,72,44.0,44.0,44.0,44.0,44.0,29.0,29.0,29.0,29.0,23.0,23.0,23.0,23.0,28,28,28,28,28,28,28,28,28,28,71.0,71.0,71.0,71.0,71.0,71.0,71.0,79,79,79,88.0,88.0,88.0,88.0,0.0,0.0,0.0,81.0,81.0,81.0,81.0,74,74,74,74,74,65.0,65.0,65.0,65.0,26.0,26.0,26.0,26.0,26.0,18,18,18,18,18,18,18,18,40.0,40.0,40.0,40.0,39.0,39.0,50,50,50,51.0,51.0,51.0,51.0,51.0,60,60,60,60,60,60,110.0
Part 68,90,90,73.0,73.0,73.0,71.0,71.0,71.0,32.0,32.0,32.0,32.0,32.0,10.0,10.0,10.0,10.0,10.0,10.0,10.0,10.0,10.0,10.0,10.0,10.0,10.0,10.0,10.0,10.0,10.0,10.0,10.0,10.0,16.0,16.0,16.0,16.0,16.0,16.0,16.0,16.0,16.0,16.0,16.0,8,8,8.0,8.0,8.0,8.0,8.0,8.0,8.0,8.0,8.0,0,0,0,0,0,0,0,0,0,0,0,0.0,0.0,0.0,0.0,0.0,0.0,0.0,0.0,0.0,22.0,22.0,22.0,22.0,90,90,90,90,90,90,90,90,90,90,166.0,166.0,166.0,142.0,142.0,142.0,142.0,145,145,145,136.0,136.0,136.0,136.0,0.0,0.0,0.0,146.0,146.0,146.0,146.0,141,141,141,141,141,156.0,156.0,156.0,156.0,144.0,144.0,144.0,144.0,144.0,155,155,155,155,155,155,155,155,145.0,145.0,145.0,145.0,163.0,163.0,166,166,166,164.0,164.0,164.0,164.0,164.0,170,170,170,170,170,170,100.0
Part 69,216,216,218.0,218.0,218.0,137.0,137.0,137.0,157.0,157.0,157.0,157.0,157.0,132.0,132.0,132.0,132.0,132.0,132.0,132.0,132.0,132.0,132.0,132.0,132.0,132.0,132.0,132.0,132.0,132.0,132.0,132.0,132.0,93.0,93.0,93.0,93.0,93.0,23.0,23.0,23.0,23.0,23.0,23.0,66,66,277.0,277.0,277.0,277.0,277.0,277.0,277.0,277.0,277.0,275,275,275,0,0,0,270,270,270,270,270,165.0,165.0,165.0,165.0,165.0,152.0,152.0,152.0,152.0,123.0,123.0,123.0,123.0,147,147,147,147,147,147,147,147,147,147,283.0,283.0,283.0,229.0,229.0,229.0,229.0,219,219,219,213.0,213.0,213.0,213.0,0.0,0.0,0.0,215.0,215.0,215.0,215.0,227,227,227,227,227,271.0,271.0,271.0,271.0,264.0,264.0,264.0,264.0,264.0,276,276,276,276,276,276,276,276,267.0,267.0,267.0,267.0,234.0,234.0,270,270,270,274.0,274.0,274.0,274.0,274.0,208,208,208,208,208,208,141.0
Part 7,1,1,2.0,2.0,2.0,2.0,2.0,2.0,2.0,2.0,2.0,2.0,2.0,2.0,2.0,2.0,2.0,2.0,2.0,2.0,2.0,2.0,2.0,2.0,2.0,2.0,2.0,2.0,2.0,2.0,2.0,2.0,2.0,1.0,1.0,1.0,1.0,1.0,21.0,21.0,21.0,21.0,21.0,21.0,29,29,6.0,6.0,6.0,6.0,6.0,6.0,6.0,6.0,6.0,5,5,5,0,0,0,5,5,5,5,5,5.0,5.0,5.0,5.0,5.0,5.0,5.0,5.0,5.0,5.0,5.0,5.0,5.0,5,5,5,5,5,5,5,5,5,5,5.0,5.0,5.0,5.0,5.0,5.0,5.0,5,5,5,5.0,5.0,5.0,5.0,5.0,5.0,5.0,5.0,5.0,5.0,5.0,5,5,5,5,5,0.0,0.0,0.0,0.0,0.0,0.0,0.0,0.0,0.0,1,1,1,1,1,1,1,1,47.0,47.0,47.0,47.0,46.0,46.0,67,67,67,61.0,61.0,61.0,61.0,61.0,16,16,16,16,16,16,3.0
Part 70,16,16,23.0,23.0,23.0,48.0,48.0,48.0,37.0,37.0,37.0,37.0,37.0,37.0,37.0,37.0,37.0,37.0,37.0,37.0,37.0,37.0,37.0,37.0,37.0,37.0,37.0,37.0,37.0,37.0,37.0,37.0,37.0,10.0,10.0,10.0,10.0,10.0,6.0,6.0,6.0,6.0,6.0,6.0,6,6,4.0,4.0,4.0,4.0,4.0,4.0,4.0,4.0,4.0,5,5,5,0,0,0,34,34,34,34,34,29.0,29.0,29.0,29.0,29.0,38.0,38.0,38.0,38.0,35.0,35.0,35.0,35.0,40,40,40,40,40,40,40,40,40,40,73.0,73.0,73.0,53.0,53.0,53.0,53.0,47,47,47,48.0,48.0,48.0,48.0,0.0,0.0,0.0,51.0,51.0,51.0,51.0,45,45,45,45,45,25.0,25.0,25.0,25.0,19.0,19.0,19.0,19.0,19.0,52,52,52,52,52,52,52,52,45.0,45.0,45.0,45.0,56.0,56.0,63,63,63,51.0,51.0,51.0,51.0,51.0,53,53,53,53,53,53,46.0
Part 71,422,422,420.0,420.0,420.0,401.0,401.0,401.0,385.0,385.0,385.0,385.0,385.0,384.0,384.0,384.0,384.0,384.0,384.0,384.0,384.0,384.0,384.0,384.0,384.0,384.0,384.0,384.0,384.0,384.0,384.0,384.0,384.0,404.0,404.0,404.0,404.0,404.0,422.0,422.0,422.0,422.0,422.0,422.0,483,483,482.0,482.0,482.0,482.0,482.0,482.0,482.0,482.0,482.0,452,452,452,0,0,0,429,429,429,429,429,279.0,279.0,279.0,279.0,279.0,290.0,290.0,290.0,290.0,281.0,281.0,281.0,281.0,264,264,264,264,264,264,264,264,264,264,432.0,432.0,432.0,393.0,393.0,393.0,393.0,393,393,393,411.0,411.0,411.0,411.0,0.0,0.0,0.0,415.0,415.0,415.0,415.0,394,394,394,394,394,426.0,426.0,426.0,426.0,401.0,401.0,401.0,401.0,401.0,408,408,408,408,408,408,408,408,229.0,229.0,229.0,229.0,306.0,306.0,313,313,313,323.0,323.0,323.0,323.0,323.0,294,294,294,294,294,294,452.0
Part 72,0,0,0.0,0.0,0.0,40.0,40.0,40.0,47.0,47.0,47.0,47.0,47.0,48.0,48.0,48.0,48.0,48.0,48.0,48.0,48.0,48.0,48.0,48.0,48.0,48.0,48.0,48.0,48.0,48.0,48.0,48.0,48.0,51.0,51.0,51.0,51.0,51.0,46.0,46.0,46.0,46.0,46.0,46.0,40,40,31.0,31.0,31.0,31.0,31.0,31.0,31.0,31.0,31.0,24,24,24,0,0,0,11,11,11,11,11,1.0,1.0,1.0,1.0,1.0,3.0,3.0,3.0,3.0,21.0,21.0,21.0,21.0,26,26,26,26,26,26,26,26,26,26,15.0,15.0,15.0,37.0,37.0,37.0,37.0,39,39,39,32.0,32.0,32.0,32.0,0.0,0.0,0.0,36.0,36.0,36.0,36.0,38,38,38,38,38,29.0,29.0,29.0,29.0,18.0,18.0,18.0,18.0,18.0,42,42,42,42,42,42,42,42,42.0,42.0,42.0,42.0,19.0,19.0,8,8,8,1.0,1.0,1.0,1.0,1.0,10,10,10,10,10,10,35.0
Part 73,0,0,0.0,0.0,0.0,0.0,0.0,0.0,0.0,0.0,0.0,0.0,0.0,0.0,0.0,0.0,0.0,0.0,0.0,0.0,0.0,0.0,0.0,0.0,0.0,0.0,0.0,0.0,0.0,0.0,0.0,0.0,0.0,57.0,57.0,57.0,57.0,57.0,120.0,120.0,120.0,120.0,120.0,120.0,168,168,167.0,167.0,167.0,167.0,167.0,167.0,167.0,167.0,167.0,154,154,154,0,0,0,133,133,133,133,133,106.0,106.0,106.0,106.0,106.0,88.0,88.0,88.0,88.0,57.0,57.0,57.0,57.0,63,63,63,63,63,63,63,63,63,63,116.0,116.0,116.0,123.0,123.0,123.0,123.0,118,118,118,107.0,107.0,107.0,107.0,0.0,0.0,0.0,90.0,90.0,90.0,90.0,86,86,86,86,86,80.0,80.0,80.0,80.0,69.0,69.0,69.0,69.0,69.0,103,103,103,103,103,103,103,103,96.0,96.0,96.0,96.0,81.0,81.0,69,69,69,58.0,58.0,58.0,58.0,58.0,39,39,39,39,39,39,44.0
Part 74,0,0,0.0,0.0,0.0,162.0,162.0,162.0,99.0,99.0,99.0,99.0,99.0,71.0,71.0,71.0,71.0,71.0,71.0,71.0,71.0,71.0,71.0,71.0,71.0,71.0,71.0,71.0,71.0,71.0,71.0,71.0,71.0,67.0,67.0,67.0,67.0,67.0,79.0,79.0,79.0,79.0,79.0,79.0,91,91,93.0,93.0,93.0,93.0,93.0,93.0,93.0,93.0,93.0,69,69,69,0,0,0,106,106,106,106,106,123.0,123.0,123.0,123.0,123.0,128.0,128.0,128.0,128.0,142.0,142.0,142.0,142.0,134,134,134,134,134,134,134,134,134,134,84.0,84.0,84.0,88.0,88.0,88.0,88.0,171,171,171,171.0,171.0,171.0,171.0,0.0,0.0,0.0,208.0,208.0,208.0,208.0,208,208,208,208,208,211.0,211.0,211.0,211.0,185.0,185.0,185.0,185.0,185.0,164,164,164,164,164,164,164,164,134.0,134.0,134.0,134.0,152.0,152.0,166,166,166,189.0,189.0,189.0,189.0,189.0,180,180,180,180,180,180,179.0
Part 75,0,0,0.0,0.0,0.0,217.0,217.0,217.0,192.0,192.0,192.0,192.0,192.0,226.0,226.0,226.0,226.0,226.0,226.0,226.0,226.0,226.0,226.0,226.0,226.0,226.0,226.0,226.0,226.0,226.0,226.0,226.0,226.0,201.0,201.0,201.0,201.0,201.0,196.0,196.0,196.0,196.0,196.0,196.0,239,239,255.0,255.0,255.0,255.0,255.0,255.0,255.0,255.0,255.0,231,231,231,0,0,0,202,202,202,202,202,179.0,179.0,179.0,179.0,179.0,178.0,178.0,178.0,178.0,238.0,238.0,238.0,238.0,227,227,227,227,227,227,227,227,227,227,82.0,82.0,82.0,85.0,85.0,85.0,85.0,95,95,95,99.0,99.0,99.0,99.0,0.0,0.0,0.0,187.0,187.0,187.0,187.0,198,198,198,198,198,204.0,204.0,204.0,204.0,220.0,220.0,220.0,220.0,220.0,204,204,204,204,204,204,204,204,185.0,185.0,185.0,185.0,196.0,196.0,217,217,217,251.0,251.0,251.0,251.0,251.0,275,275,275,275,275,275,284.0
Part 76,0,0,0.0,0.0,0.0,5.0,5.0,5.0,5.0,5.0,5.0,5.0,5.0,5.0,5.0,5.0,5.0,5.0,5.0,5.0,5.0,5.0,5.0,5.0,5.0,5.0,5.0,5.0,5.0,5.0,5.0,5.0,5.0,5.0,5.0,5.0,5.0,5.0,7.0,7.0,7.0,7.0,7.0,7.0,5,5,4.0,4.0,4.0,4.0,4.0,4.0,4.0,4.0,4.0,0,0,0,0,0,0,0,0,0,0,0,0.0,0.0,0.0,0.0,0.0,0.0,0.0,0.0,0.0,2.0,2.0,2.0,2.0,12,12,12,12,12,12,12,12,12,12,6.0,6.0,6.0,18.0,18.0,18.0,18.0,19,19,19,13.0,13.0,13.0,13.0,0.0,0.0,0.0,1.0,1.0,1.0,1.0,2,2,2,2,2,8.0,8.0,8.0,8.0,9.0,9.0,9.0,9.0,9.0,16,16,16,16,16,16,16,16,10.0,10.0,10.0,10.0,4.0,4.0,2,2,2,1.0,1.0,1.0,1.0,1.0,4,4,4,4,4,4,8.0
Part 77,0,0,0.0,0.0,0.0,0.0,0.0,0.0,0.0,0.0,0.0,0.0,0.0,0.0,0.0,0.0,0.0,0.0,0.0,0.0,0.0,0.0,0.0,0.0,0.0,0.0,0.0,0.0,0.0,0.0,0.0,0.0,0.0,42.0,42.0,42.0,42.0,42.0,105.0,105.0,105.0,105.0,105.0,105.0,157,157,161.0,161.0,161.0,161.0,161.0,161.0,161.0,161.0,161.0,147,147,147,0,0,0,126,126,126,126,126,99.0,99.0,99.0,99.0,99.0,77.0,77.0,77.0,77.0,51.0,51.0,51.0,51.0,63,63,63,63,63,63,63,63,63,63,112.0,112.0,112.0,118.0,118.0,118.0,118.0,113,113,113,103.0,103.0,103.0,103.0,0.0,0.0,0.0,86.0,86.0,86.0,86.0,82,82,82,82,82,76.0,76.0,76.0,76.0,56.0,56.0,56.0,56.0,56.0,90,90,90,90,90,90,90,90,83.0,83.0,83.0,83.0,68.0,68.0,56,56,56,45.0,45.0,45.0,45.0,45.0,26,26,26,26,26,26,30.0
Part 78,0,0,0.0,0.0,0.0,0.0,0.0,0.0,0.0,0.0,0.0,0.0,0.0,0.0,0.0,0.0,0.0,0.0,0.0,0.0,0.0,0.0,0.0,0.0,0.0,0.0,0.0,0.0,0.0,0.0,0.0,0.0,0.0,42.0,42.0,42.0,42.0,42.0,117.0,117.0,117.0,117.0,117.0,117.0,168,168,167.0,167.0,167.0,167.0,167.0,167.0,167.0,167.0,167.0,154,154,154,0,0,0,133,133,133,133,133,106.0,106.0,106.0,106.0,106.0,88.0,88.0,88.0,88.0,57.0,57.0,57.0,57.0,63,63,63,63,63,63,63,63,63,63,115.0,115.0,115.0,122.0,122.0,122.0,122.0,117,117,117,107.0,107.0,107.0,107.0,0.0,0.0,0.0,90.0,90.0,90.0,90.0,86,86,86,86,86,80.0,80.0,80.0,80.0,69.0,69.0,69.0,69.0,69.0,103,103,103,103,103,103,103,103,96.0,96.0,96.0,96.0,81.0,81.0,69,69,69,58.0,58.0,58.0,58.0,58.0,39,39,39,39,39,39,44.0
Part 79,0,0,0.0,0.0,0.0,0.0,0.0,0.0,0.0,0.0,0.0,0.0,0.0,0.0,0.0,0.0,0.0,0.0,0.0,0.0,0.0,0.0,0.0,0.0,0.0,0.0,0.0,0.0,0.0,0.0,0.0,0.0,0.0,0.0,0.0,0.0,0.0,0.0,12.0,12.0,12.0,12.0,12.0,12.0,11,11,6.0,6.0,6.0,6.0,6.0,6.0,6.0,6.0,6.0,7,7,7,0,0,0,7,7,7,7,7,7.0,7.0,7.0,7.0,7.0,11.0,11.0,11.0,11.0,6.0,6.0,6.0,6.0,0,0,0,0,0,0,0,0,0,0,3.0,3.0,3.0,4.0,4.0,4.0,4.0,4,4,4,4.0,4.0,4.0,4.0,0.0,0.0,0.0,4.0,4.0,4.0,4.0,4,4,4,4,4,4.0,4.0,4.0,4.0,13.0,13.0,13.0,13.0,13.0,13,13,13,13,13,13,13,13,13.0,13.0,13.0,13.0,13.0,13.0,13,13,13,13.0,13.0,13.0,13.0,13.0,13,13,13,13,13,13,14.0
Part 8,1,1,2.0,2.0,2.0,2.0,2.0,2.0,2.0,2.0,2.0,2.0,2.0,2.0,2.0,2.0,2.0,2.0,2.0,2.0,2.0,2.0,2.0,2.0,2.0,2.0,2.0,2.0,2.0,2.0,2.0,2.0,2.0,1.0,1.0,1.0,1.0,1.0,21.0,21.0,21.0,21.0,21.0,21.0,29,29,6.0,6.0,6.0,6.0,6.0,6.0,6.0,6.0,6.0,5,5,5,0,0,0,5,5,5,5,5,5.0,5.0,5.0,5.0,5.0,5.0,5.0,5.0,5.0,5.0,5.0,5.0,5.0,5,5,5,5,5,5,5,5,5,5,5.0,5.0,5.0,5.0,5.0,5.0,5.0,5,5,5,5.0,5.0,5.0,5.0,5.0,5.0,5.0,5.0,5.0,5.0,5.0,5,5,5,5,5,0.0,0.0,0.0,0.0,0.0,0.0,0.0,0.0,0.0,1,1,1,1,1,1,1,1,47.0,47.0,47.0,47.0,46.0,46.0,73,73,73,66.0,66.0,66.0,66.0,66.0,16,16,16,16,16,16,3.0
Part 80,0,0,0.0,0.0,0.0,0.0,0.0,0.0,0.0,0.0,0.0,0.0,0.0,0.0,0.0,0.0,0.0,0.0,0.0,0.0,0.0,0.0,0.0,0.0,0.0,0.0,0.0,0.0,0.0,0.0,0.0,0.0,0.0,277.0,277.0,277.0,277.0,277.0,180.0,180.0,180.0,180.0,180.0,180.0,13,13,6.0,6.0,6.0,6.0,6.0,6.0,6.0,6.0,6.0,64,64,64,0,0,0,146,146,146,146,146,245.0,245.0,245.0,245.0,245.0,311.0,311.0,311.0,311.0,253.0,253.0,253.0,253.0,220,220,220,220,220,220,220,220,220,220,110.0,110.0,110.0,151.0,151.0,151.0,151.0,187,187,187,171.0,171.0,171.0,171.0,0.0,0.0,0.0,165.0,165.0,165.0,165.0,212,212,212,212,212,221.0,221.0,221.0,221.0,256.0,256.0,256.0,256.0,256.0,145,145,145,145,145,145,145,145,108.0,108.0,108.0,108.0,166.0,166.0,232,232,232,277.0,277.0,277.0,277.0,277.0,293,293,293,293,293,293,280.0
Part 81,0,0,0.0,0.0,0.0,0.0,0.0,0.0,0.0,0.0,0.0,0.0,0.0,0.0,0.0,0.0,0.0,0.0,0.0,0.0,0.0,0.0,0.0,0.0,0.0,0.0,0.0,0.0,0.0,0.0,0.0,0.0,0.0,376.0,376.0,376.0,376.0,376.0,271.0,271.0,271.0,271.0,271.0,271.0,101,101,99.0,99.0,99.0,99.0,99.0,99.0,99.0,99.0,99.0,157,157,157,0,0,0,249,249,249,249,249,349.0,349.0,349.0,349.0,349.0,432.0,432.0,432.0,432.0,349.0,349.0,349.0,349.0,321,321,321,321,321,321,321,321,321,321,213.0,213.0,213.0,250.0,250.0,250.0,250.0,283,283,283,267.0,267.0,267.0,267.0,0.0,0.0,0.0,261.0,261.0,261.0,261.0,308,308,308,308,308,317.0,317.0,317.0,317.0,343.0,343.0,343.0,343.0,343.0,227,227,227,227,227,227,227,227,190.0,190.0,190.0,190.0,248.0,248.0,315,315,315,360.0,360.0,360.0,360.0,360.0,380,380,380,380,380,380,370.0
Part 82,0,0,0.0,0.0,0.0,0.0,0.0,0.0,0.0,0.0,0.0,0.0,0.0,0.0,0.0,0.0,0.0,0.0,0.0,0.0,0.0,0.0,0.0,0.0,0.0,0.0,0.0,0.0,0.0,0.0,0.0,0.0,0.0,99.0,99.0,99.0,99.0,99.0,91.0,91.0,91.0,91.0,91.0,91.0,88,88,93.0,93.0,93.0,93.0,93.0,93.0,93.0,93.0,93.0,93,93,93,0,0,0,103,103,103,103,103,104.0,104.0,104.0,104.0,104.0,121.0,121.0,121.0,121.0,96.0,96.0,96.0,96.0,101,101,101,101,101,101,101,101,101,101,103.0,103.0,103.0,99.0,99.0,99.0,99.0,96,96,96,96.0,96.0,96.0,96.0,0.0,0.0,0.0,96.0,96.0,96.0,96.0,96,96,96,96,96,96.0,96.0,96.0,96.0,87.0,87.0,87.0,87.0,87.0,82,82,82,82,82,82,82,82,82.0,82.0,82.0,82.0,82.0,82.0,83,83,83,83.0,83.0,83.0,83.0,83.0,87,87,87,87,87,87,90.0
Part 83,0,0,0.0,0.0,0.0,0.0,0.0,0.0,0.0,0.0,0.0,0.0,0.0,0.0,0.0,0.0,0.0,0.0,0.0,0.0,0.0,0.0,0.0,0.0,0.0,0.0,0.0,0.0,0.0,0.0,0.0,0.0,0.0,21.0,21.0,21.0,21.0,21.0,13.0,13.0,13.0,13.0,13.0,13.0,6,6,7.0,7.0,7.0,7.0,7.0,7.0,7.0,7.0,7.0,9,9,9,0,0,0,13,13,13,13,13,17.0,17.0,17.0,17.0,17.0,20.0,20.0,20.0,20.0,15.0,15.0,15.0,15.0,12,12,12,12,12,12,12,12,12,12,7.0,7.0,7.0,9.0,9.0,9.0,9.0,14,14,14,14.0,14.0,14.0,14.0,0.0,0.0,0.0,18.0,18.0,18.0,18.0,16,16,16,16,16,15.0,15.0,15.0,15.0,16.0,16.0,16.0,16.0,16.0,17,17,17,17,17,17,17,17,11.0,11.0,11.0,11.0,13.0,13.0,15,15,15,16.0,16.0,16.0,16.0,16.0,12,12,12,12,12,12,12.0
Part 84,0,0,0.0,0.0,0.0,0.0,0.0,0.0,0.0,0.0,0.0,0.0,0.0,0.0,0.0,0.0,0.0,0.0,0.0,0.0,0.0,0.0,0.0,0.0,0.0,0.0,0.0,0.0,0.0,0.0,0.0,0.0,0.0,21.0,21.0,21.0,21.0,21.0,13.0,13.0,13.0,13.0,13.0,13.0,6,6,7.0,7.0,7.0,7.0,7.0,7.0,7.0,7.0,7.0,9,9,9,0,0,0,13,13,13,13,13,17.0,17.0,17.0,17.0,17.0,20.0,20.0,20.0,20.0,15.0,15.0,15.0,15.0,12,12,12,12,12,12,12,12,12,12,7.0,7.0,7.0,9.0,9.0,9.0,9.0,14,14,14,14.0,14.0,14.0,14.0,0.0,0.0,0.0,18.0,18.0,18.0,18.0,16,16,16,16,16,15.0,15.0,15.0,15.0,16.0,16.0,16.0,16.0,16.0,17,17,17,17,17,17,17,17,11.0,11.0,11.0,11.0,13.0,13.0,15,15,15,16.0,16.0,16.0,16.0,16.0,12,12,12,12,12,12,12.0
Part 85,0,0,3.0,3.0,3.0,6.0,6.0,6.0,5.0,5.0,5.0,5.0,5.0,13.0,13.0,13.0,13.0,13.0,13.0,13.0,13.0,13.0,13.0,13.0,13.0,13.0,13.0,13.0,13.0,13.0,13.0,13.0,13.0,0.0,0.0,0.0,0.0,0.0,0.0,0.0,0.0,0.0,0.0,0.0,0,0,2.0,2.0,2.0,2.0,2.0,2.0,2.0,2.0,2.0,3,3,3,0,0,0,1,1,1,1,1,1.0,1.0,1.0,1.0,1.0,11.0,11.0,11.0,11.0,14.0,14.0,14.0,14.0,7,7,7,7,7,7,7,7,7,7,2.0,2.0,2.0,11.0,11.0,11.0,11.0,12,12,12,12.0,12.0,12.0,12.0,12.0,12.0,12.0,11.0,11.0,11.0,11.0,1,1,1,1,1,8.0,8.0,8.0,8.0,23.0,23.0,23.0,23.0,23.0,29,29,29,29,29,29,29,29,25.0,25.0,25.0,25.0,28.0,28.0,29,29,29,31.0,31.0,31.0,31.0,31.0,20,20,20,20,20,20,19.0
Part 86,0,0,0.0,0.0,0.0,0.0,0.0,0.0,0.0,0.0,0.0,0.0,0.0,0.0,0.0,0.0,0.0,0.0,0.0,0.0,0.0,0.0,0.0,0.0,0.0,0.0,0.0,0.0,0.0,0.0,0.0,0.0,0.0,0.0,0.0,0.0,0.0,0.0,0.0,0.0,0.0,0.0,0.0,0.0,0,0,1.0,1.0,1.0,1.0,1.0,1.0,1.0,1.0,1.0,2,2,2,0,0,0,2,2,2,2,2,1.0,1.0,1.0,1.0,1.0,1.0,1.0,1.0,1.0,3.0,3.0,3.0,3.0,2,2,2,2,2,2,2,2,2,2,1.0,1.0,1.0,2.0,2.0,2.0,2.0,1,1,1,3.0,3.0,3.0,3.0,6.0,6.0,6.0,3.0,3.0,3.0,3.0,2,2,2,2,2,1.0,1.0,1.0,1.0,1.0,1.0,1.0,1.0,1.0,3,3,3,3,3,3,3,3,3.0,3.0,3.0,3.0,1.0,1.0,1,1,1,1.0,1.0,1.0,1.0,1.0,2,2,2,2,2,2,3.0
Part 87,23,23,20.0,20.0,20.0,18.0,18.0,18.0,21.0,21.0,21.0,21.0,21.0,16.0,16.0,16.0,16.0,16.0,16.0,16.0,16.0,16.0,16.0,16.0,16.0,16.0,16.0,16.0,16.0,16.0,16.0,16.0,16.0,0.0,0.0,0.0,0.0,0.0,0.0,0.0,0.0,0.0,0.0,0.0,0,0,25.0,25.0,25.0,25.0,25.0,25.0,25.0,25.0,25.0,27,27,27,0,0,0,27,27,27,27,27,29.0,29.0,29.0,29.0,29.0,19.0,19.0,19.0,19.0,11.0,11.0,11.0,11.0,18,18,18,18,18,18,18,18,18,18,21.0,21.0,21.0,14.0,14.0,14.0,14.0,10,10,10,7.0,7.0,7.0,7.0,5.0,5.0,5.0,9.0,9.0,9.0,9.0,19,19,19,19,19,13.0,13.0,13.0,13.0,13.0,13.0,13.0,13.0,13.0,13,13,13,13,13,13,13,13,14.0,14.0,14.0,14.0,12.0,12.0,13,13,13,9.0,9.0,9.0,9.0,9.0,20,20,20,20,20,20,17.0
Part 88,4,4,0.0,0.0,0.0,0.0,0.0,0.0,12.0,12.0,12.0,12.0,12.0,7.0,7.0,7.0,7.0,7.0,7.0,7.0,7.0,7.0,7.0,7.0,7.0,7.0,7.0,7.0,7.0,7.0,7.0,7.0,7.0,32.0,32.0,32.0,32.0,32.0,2.0,2.0,2.0,2.0,2.0,2.0,0,0,0.0,0.0,0.0,0.0,0.0,0.0,0.0,0.0,0.0,10,10,10,0,0,0,0,0,0,0,0,0.0,0.0,0.0,0.0,0.0,0.0,0.0,0.0,0.0,0.0,0.0,0.0,0.0,71,71,71,71,71,71,71,71,71,71,24.0,24.0,24.0,72.0,72.0,72.0,72.0,15,15,15,0.0,0.0,0.0,0.0,0.0,0.0,0.0,0.0,0.0,0.0,0.0,12,12,12,12,12,108.0,108.0,108.0,108.0,43.0,43.0,43.0,43.0,43.0,5,5,5,5,5,5,5,5,0.0,0.0,0.0,0.0,56.0,56.0,215,215,215,28.0,28.0,28.0,28.0,28.0,13,13,13,13,13,13,11.0
Part 89,16,16,0.0,0.0,0.0,0.0,0.0,0.0,4.0,4.0,4.0,4.0,4.0,0.0,0.0,0.0,0.0,0.0,0.0,0.0,0.0,0.0,0.0,0.0,0.0,0.0,0.0,0.0,0.0,0.0,0.0,0.0,0.0,26.0,26.0,26.0,26.0,26.0,0.0,0.0,0.0,0.0,0.0,0.0,0,0,0.0,0.0,0.0,0.0,0.0,0.0,0.0,0.0,0.0,0,0,0,0,0,0,65,65,65,65,65,24.0,24.0,24.0,24.0,24.0,0.0,0.0,0.0,0.0,1.0,1.0,1.0,1.0,24,24,24,24,24,24,24,24,24,24,0.0,0.0,0.0,2.0,2.0,2.0,2.0,0,0,0,0.0,0.0,0.0,0.0,0.0,0.0,0.0,0.0,0.0,0.0,0.0,0,0,0,0,0,0.0,0.0,0.0,0.0,0.0,0.0,0.0,0.0,0.0,0,0,0,0,0,0,0,0,20.0,20.0,20.0,20.0,15.0,15.0,0,0,0,6.0,6.0,6.0,6.0,6.0,38,38,38,38,38,38,9.0
Part 9,1,1,2.0,2.0,2.0,2.0,2.0,2.0,2.0,2.0,2.0,2.0,2.0,2.0,2.0,2.0,2.0,2.0,2.0,2.0,2.0,2.0,2.0,2.0,2.0,2.0,2.0,2.0,2.0,2.0,2.0,2.0,2.0,1.0,1.0,1.0,1.0,1.0,21.0,21.0,21.0,21.0,21.0,21.0,29,29,6.0,6.0,6.0,6.0,6.0,6.0,6.0,6.0,6.0,5,5,5,0,0,0,5,5,5,5,5,5.0,5.0,5.0,5.0,5.0,5.0,5.0,5.0,5.0,5.0,5.0,5.0,5.0,5,5,5,5,5,5,5,5,5,5,5.0,5.0,5.0,5.0,5.0,5.0,5.0,5,5,5,5.0,5.0,5.0,5.0,5.0,5.0,5.0,5.0,5.0,5.0,5.0,5,5,5,5,5,0.0,0.0,0.0,0.0,0.0,0.0,0.0,0.0,0.0,1,1,1,1,1,1,1,1,47.0,47.0,47.0,47.0,46.0,46.0,73,73,73,66.0,66.0,66.0,66.0,66.0,16,16,16,16,16,16,3.0
Part 90,23,23,20.0,20.0,20.0,18.0,18.0,18.0,21.0,21.0,21.0,21.0,21.0,16.0,16.0,16.0,16.0,16.0,16.0,16.0,16.0,16.0,16.0,16.0,16.0,16.0,16.0,16.0,16.0,16.0,16.0,16.0,16.0,0.0,0.0,0.0,0.0,0.0,0.0,0.0,0.0,0.0,0.0,0.0,0,0,25.0,25.0,25.0,25.0,25.0,25.0,25.0,25.0,25.0,27,27,27,0,0,0,27,27,27,27,27,29.0,29.0,29.0,29.0,29.0,19.0,19.0,19.0,19.0,11.0,11.0,11.0,11.0,18,18,18,18,18,18,18,18,18,18,21.0,21.0,21.0,14.0,14.0,14.0,14.0,10,10,10,7.0,7.0,7.0,7.0,5.0,5.0,5.0,9.0,9.0,9.0,9.0,19,19,19,19,19,13.0,13.0,13.0,13.0,13.0,13.0,13.0,13.0,13.0,13,13,13,13,13,13,13,13,14.0,14.0,14.0,14.0,12.0,12.0,13,13,13,9.0,9.0,9.0,9.0,9.0,20,20,20,20,20,20,17.0
Part 91,46,46,46.0,46.0,46.0,48.0,48.0,48.0,52.0,52.0,52.0,52.0,52.0,58.0,58.0,58.0,58.0,58.0,58.0,58.0,58.0,58.0,58.0,58.0,58.0,58.0,58.0,58.0,58.0,58.0,58.0,58.0,58.0,0.0,0.0,0.0,0.0,0.0,0.0,0.0,0.0,0.0,0.0,0.0,0,0,56.0,56.0,56.0,56.0,56.0,56.0,56.0,56.0,56.0,64,64,64,0,0,0,60,60,60,60,60,62.0,62.0,62.0,62.0,62.0,62.0,62.0,62.0,62.0,56.0,56.0,56.0,56.0,54,54,54,54,54,54,54,54,54,54,48.0,48.0,48.0,54.0,54.0,54.0,54.0,46,46,46,44.0,44.0,44.0,44.0,46.0,46.0,46.0,46.0,46.0,46.0,46.0,44,44,44,44,44,44.0,44.0,44.0,44.0,74.0,74.0,74.0,74.0,74.0,90,90,90,90,90,90,90,90,84.0,84.0,84.0,84.0,82.0,82.0,86,86,86,82.0,82.0,82.0,82.0,82.0,84,84,84,84,84,84,78.0
Part 92,266,266,4.0,4.0,4.0,0.0,0.0,0.0,608.0,608.0,608.0,608.0,608.0,566.0,566.0,566.0,566.0,566.0,566.0,566.0,566.0,566.0,566.0,566.0,566.0,566.0,566.0,566.0,566.0,566.0,566.0,566.0,566.0,640.0,640.0,640.0,640.0,640.0,614.0,614.0,614.0,614.0,614.0,614.0,638,638,676.0,676.0,676.0,676.0,676.0,676.0,676.0,676.0,676.0,666,666,666,0,0,0,668,668,668,668,668,670.0,670.0,670.0,670.0,670.0,670.0,670.0,670.0,670.0,666.0,666.0,666.0,666.0,672,672,672,672,672,672,672,672,672,672,664.0,664.0,664.0,724.0,724.0,724.0,724.0,744,744,744,726.0,726.0,726.0,726.0,730.0,730.0,730.0,688.0,688.0,688.0,688.0,658,658,658,658,658,634.0,634.0,634.0,634.0,586.0,586.0,586.0,586.0,586.0,660,660,660,660,660,660,660,660,636.0,636.0,636.0,636.0,640.0,640.0,628,628,628,642.0,642.0,642.0,642.0,642.0,630,630,630,630,630,630,124.0
Part 93,0,0,0.0,0.0,0.0,0.0,0.0,0.0,0.0,0.0,0.0,0.0,0.0,0.0,0.0,0.0,0.0,0.0,0.0,0.0,0.0,0.0,0.0,0.0,0.0,0.0,0.0,0.0,0.0,0.0,0.0,0.0,0.0,0.0,0.0,0.0,0.0,0.0,0.0,0.0,0.0,0.0,0.0,0.0,2,2,0.0,0.0,0.0,0.0,0.0,0.0,0.0,0.0,0.0,0,0,0,0,0,0,0,0,0,0,0,0.0,0.0,0.0,0.0,0.0,0.0,0.0,0.0,0.0,1.0,1.0,1.0,1.0,1,1,1,1,1,1,1,1,1,1,2.0,2.0,2.0,4.0,4.0,4.0,4.0,1,1,1,0.0,0.0,0.0,0.0,0.0,0.0,0.0,0.0,0.0,0.0,0.0,0,0,0,0,0,0.0,0.0,0.0,0.0,0.0,0.0,0.0,0.0,0.0,0,0,0,0,0,0,0,0,0.0,0.0,0.0,0.0,0.0,0.0,0,0,0,6.0,6.0,6.0,6.0,6.0,0,0,0,0,0,0,0.0
Part 94,42,42,40.0,40.0,40.0,40.0,40.0,40.0,47.0,47.0,47.0,47.0,47.0,46.0,46.0,46.0,46.0,46.0,46.0,46.0,46.0,46.0,46.0,46.0,46.0,46.0,46.0,46.0,46.0,46.0,46.0,46.0,46.0,40.0,40.0,40.0,40.0,40.0,35.0,35.0,35.0,35.0,35.0,35.0,39,39,45.0,45.0,45.0,45.0,45.0,45.0,45.0,45.0,45.0,40,40,40,41,41,41,40,40,40,40,40,41.0,41.0,41.0,41.0,41.0,39.0,39.0,39.0,39.0,38.0,38.0,38.0,38.0,42,42,42,42,42,42,42,42,42,42,42.0,42.0,42.0,28.0,28.0,28.0,28.0,35,35,35,35.0,35.0,35.0,35.0,35.0,35.0,35.0,37.0,37.0,37.0,37.0,44,44,44,44,44,45.0,45.0,45.0,45.0,43.0,43.0,43.0,43.0,43.0,35,35,35,35,35,35,35,35,38.0,38.0,38.0,38.0,45.0,45.0,45,45,45,47.0,47.0,47.0,47.0,47.0,45,45,45,45,45,45,28.0
Part 95,113,113,209.0,209.0,209.0,209.0,209.0,209.0,288.0,288.0,288.0,288.0,288.0,276.0,276.0,276.0,276.0,276.0,276.0,276.0,276.0,276.0,276.0,276.0,276.0,276.0,276.0,276.0,276.0,276.0,276.0,276.0,276.0,262.0,262.0,262.0,262.0,262.0,305.0,305.0,305.0,305.0,305.0,305.0,309,309,338.0,338.0,338.0,338.0,338.0,338.0,338.0,338.0,338.0,323,323,323,305,305,305,269,269,269,269,269,311.0,311.0,311.0,311.0,311.0,335.0,335.0,335.0,335.0,327.0,327.0,327.0,327.0,236,236,236,236,236,236,236,236,236,236,303.0,303.0,303.0,276.0,276.0,276.0,276.0,352,352,352,363.0,363.0,363.0,363.0,365.0,365.0,365.0,344.0,344.0,344.0,344.0,317,317,317,317,317,209.0,209.0,209.0,209.0,250.0,250.0,250.0,250.0,250.0,325,325,325,325,325,325,325,325,290.0,290.0,290.0,290.0,249.0,249.0,99,99,99,276.0,276.0,276.0,276.0,276.0,264,264,264,264,264,264,209.0
Part 96,0,0,0.0,0.0,0.0,0.0,0.0,0.0,0.0,0.0,0.0,0.0,0.0,0.0,0.0,0.0,0.0,0.0,0.0,0.0,0.0,0.0,0.0,0.0,0.0,0.0,0.0,0.0,0.0,0.0,0.0,0.0,0.0,0.0,0.0,0.0,0.0,0.0,0.0,0.0,0.0,0.0,0.0,0.0,2,2,0.0,0.0,0.0,0.0,0.0,0.0,0.0,0.0,0.0,0,0,0,0,0,0,0,0,0,0,0,0.0,0.0,0.0,0.0,0.0,0.0,0.0,0.0,0.0,1.0,1.0,1.0,1.0,1,1,1,1,1,1,1,1,1,1,2.0,2.0,2.0,4.0,4.0,4.0,4.0,1,1,1,0.0,0.0,0.0,0.0,0.0,0.0,0.0,0.0,0.0,0.0,0.0,0,0,0,0,0,0.0,0.0,0.0,0.0,0.0,0.0,0.0,0.0,0.0,0,0,0,0,0,0,0,0,0.0,0.0,0.0,0.0,0.0,0.0,0,0,0,6.0,6.0,6.0,6.0,6.0,0,0,0,0,0,0,0.0
Part 97,127,127,32.0,32.0,32.0,28.0,28.0,28.0,28.0,28.0,28.0,28.0,28.0,28.0,28.0,28.0,28.0,28.0,28.0,28.0,28.0,28.0,28.0,28.0,28.0,28.0,28.0,28.0,28.0,28.0,28.0,28.0,28.0,26.0,26.0,26.0,26.0,26.0,10.0,10.0,10.0,10.0,10.0,10.0,23,23,107.0,107.0,107.0,107.0,107.0,107.0,107.0,107.0,107.0,105,105,105,0,0,0,100,100,100,100,100,118.0,118.0,118.0,118.0,118.0,118.0,118.0,118.0,118.0,106.0,106.0,106.0,106.0,99,99,99,99,99,99,99,99,99,99,85.0,85.0,85.0,91.0,91.0,91.0,91.0,99,99,99,129.0,129.0,129.0,129.0,162.0,162.0,162.0,114.0,114.0,114.0,114.0,126,126,126,126,126,127.0,127.0,127.0,127.0,140.0,140.0,140.0,140.0,140.0,107,107,107,107,107,107,107,107,37.0,37.0,37.0,37.0,7.0,7.0,5,5,5,4.0,4.0,4.0,4.0,4.0,3,3,3,3,3,3,1.0
Part 98,40,40,33.0,33.0,33.0,43.0,43.0,43.0,42.0,42.0,42.0,42.0,42.0,42.0,42.0,42.0,42.0,42.0,42.0,42.0,42.0,42.0,42.0,42.0,42.0,42.0,42.0,42.0,42.0,42.0,42.0,42.0,42.0,40.0,40.0,40.0,40.0,40.0,17.0,17.0,17.0,17.0,17.0,17.0,9,9,26.0,26.0,26.0,26.0,26.0,26.0,26.0,26.0,26.0,25,25,25,0,0,0,29,29,29,29,29,18.0,18.0,18.0,18.0,18.0,10.0,10.0,10.0,10.0,15.0,15.0,15.0,15.0,25,25,25,25,25,25,25,25,25,25,46.0,46.0,46.0,13.0,13.0,13.0,13.0,13,13,13,23.0,23.0,23.0,23.0,21.0,21.0,21.0,54.0,54.0,54.0,54.0,61,61,61,61,61,27.0,27.0,27.0,27.0,38.0,38.0,38.0,38.0,38.0,20,20,20,20,20,20,20,20,3.0,3.0,3.0,3.0,0.0,0.0,0,0,0,0.0,0.0,0.0,0.0,0.0,0,0,0,0,0,0,0.0
Part 99,124,124,150.0,150.0,150.0,48.0,48.0,48.0,39.0,39.0,39.0,39.0,39.0,48.0,48.0,48.0,48.0,48.0,48.0,48.0,48.0,48.0,48.0,48.0,48.0,48.0,48.0,48.0,48.0,48.0,48.0,48.0,48.0,30.0,30.0,30.0,30.0,30.0,49.0,49.0,49.0,49.0,49.0,49.0,57,57,11.0,11.0,11.0,11.0,11.0,11.0,11.0,11.0,11.0,15,15,15,0,0,0,5,5,5,5,5,1.0,1.0,1.0,1.0,1.0,0.0,0.0,0.0,0.0,0.0,0.0,0.0,0.0,0,0,0,0,0,0,0,0,0,0,0.0,0.0,0.0,0.0,0.0,0.0,0.0,0,0,0,0.0,0.0,0.0,0.0,13.0,13.0,13.0,19.0,19.0,19.0,19.0,10,10,10,10,10,14.0,14.0,14.0,14.0,17.0,17.0,17.0,17.0,17.0,12,12,12,12,12,12,12,12,48.0,48.0,48.0,48.0,81.0,81.0,51,51,51,46.0,46.0,46.0,46.0,46.0,49,49,49,49,49,49,11.0
